rt1_1957,rt1_1958,rt1_1959,rt1_1960,rt1_1961,rt1_1962,rt1_1963,rt1_1964,rt1_1965,rt1_1966,rt1_1967,rt1_1968,rt1_1969,rt1_1970,rt1_1971,rt1_1972,rt1_1973,rt1_1974,rt1_1975,rt1_1976,rt1_1977,rt1_1978,rt1_1979,rt1_1980,rt1_1981,rt1_1982,rt1_1983,rt1_1984,rt1_1985,rt1_1986,rt1_1987,rt1_1988,rt1_1989,rt1_1990,rt1_1991,rt1_1992,rt1_1993,rt1_1994,rt1_1995,rt1_1996,rt1_1997,rt1_1998,rt1_1999,rt1_2000,rt1_2001,rt1_2002,rt1_2003,rt1_2004,rt1_2005,rt1_2006,rt1_2007,rt1_2008,rt1_2009,rt1_2010,rt1_2011,rt1_2012,rt1_2013
17850.7,2698.18,1639.58,2209.41,6043.67,12455.3,18100.8,5360.19,18192.7,3347.2,1818.63,4629.09,1239.13,2900.44,15892.6,12756.7,4643.11,2308.03,2584.74,6021.96,3716.77,12421.5,6175.78,5167.43,6951.97,1395.73,1001.69,1660.8,25097.6,6917.16,6781.99,3258.59,4617.58,5416.57,14376.7,3163.23,3429.8,2105.62,3441.42,1349.42,644.946,345.009,422.209,4312.56,684.088,352.456,327.808,299.596,269.506,311.798,2920.12,1731.53,1093.59,1210.11,2017.03,2220.3,3224.17
17850.7,2698.18,1639.58,2209.41,6043.67,12455.3,18100.8,5360.19,18192.7,3347.2,1818.63,4629.09,1239.13,2900.44,15892.6,12756.7,4643.11,2308.03,2584.74,6021.96,3716.77,12421.5,6175.78,5167.43,6951.97,1395.73,1001.69,1660.8,25097.6,6917.16,6781.99,3258.59,4617.58,5416.57,14376.7,3163.23,3429.8,2105.62,3441.42,1349.42,644.946,345.009,422.209,4312.56,684.088,352.456,327.808,299.596,269.506,311.798,2920.12,1731.53,1093.59,1210.11,2017.03,2220.3,3224.17
17584.8,3080.29,1593.94,2011.17,6622.69,10880.2,20289.4,4999.32,17777.3,3793.69,1734.22,4548.46,1258.05,2808.68,15720.6,13475.7,4567.92,2369.8,2199.33,6074.97,3795.14,12179.3,6071.32,4937.04,7675.47,1281.48,896.203,1747.96,24635.5,7262.82,6681.39,3751.27,4493.31,5287.85,14129.6,3620.22,3205.45,2271.43,3386.15,1471.87,639.85,328.072,360.151,4231.56,839.738,331.632,363.199,304.492,275.078,315.305,3310.01,1497.94,1191.11,1246.09,2364.27,1847.9,2653.47
17328,4843.4,653.171,1807.87,5719.5,9775.9,25225,8305.6,14971.2,2879.25,1182.97,4996.87,1945.18,3001.95,15079.2,13412.3,5316.38,2652.33,2090.56,5245.29,4988.08,11091.6,6623.56,7599.89,5502.58,2503.65,1004.16,1803.3,26665.1,7177.98,4793.9,2116.74,4405.7,7181.62,15129.3,2074.62,3744.83,1985.39,4122.42,1104.16,534.365,249.955,470.913,4882.34,829.623,384.724,181.611,420.715,236.883,219.763,3522.94,1989.98,1238.6,1156.42,1526.85,2771.26,3441.34
21477.6,2327.71,629.188,2435.38,5831.31,13025,19650.6,6594.36,16752.6,2573.61,849.718,4392.67,826.285,3059.92,17469.6,10460.3,5967.13,2051.16,3217.16,5935,3770.51,13088.3,5334.69,7869.25,5931.8,1788.32,507.309,1744.5,30971.7,3865.5,5243.94,2351.66,5107.67,4173.22,13225.4,5180.87,3522.95,2888.5,2562.57,1469.83,976.685,177.396,321.963,5330.28,1047.9,421.129,390.681,480.921,233.971,232.542,4425.99,2385.52,868.572,703.912,2281.49,2720.79,17089.1
21253.9,2756.38,648.047,1541.13,3714.48,18513.8,18657.7,2331.42,21360.8,3469.95,1464.36,3466.04,1570.37,1764.57,16531,12919.1,7720.94,1749.72,2405.73,5433.13,3844.69,12764.5,5643.43,7270.8,5663.17,2051.9,1233.67,1379.27,25169,9586.87,5654.98,3520.41,2788.73,4116.34,13835.5,4442.28,3670.04,2233.64,3808.86,1181.71,566.286,156.187,323.632,5500,1142.11,263.091,766.646,689.456,126.597,205.882,5195.25,1751.25,1265.04,463.333,3203.07,2491.05,16449
20095,3033.93,1033.77,1010.09,4750.35,13982.5,15116.5,8715.53,20964,3637.83,2479.09,3103.83,1219.68,2318.93,17021.6,13072.4,4138.89,2453.02,3068.06,5892.98,4557.98,10701.4,9413.08,4434.08,6632.88,1627.35,435.04,1868.86,27526.8,6561.24,5657.24,3225.6,2992.14,4368.73,16081.2,1707.39,3269.7,2363.23,3079.92,1838.94,960.29,108.232,319.364,4919.91,1561.9,381.6,729.757,540.028,136.533,250.953,4663.28,1783,1145.54,837.745,2255.17,2169.93,8327.6
18914.8,4618.83,1160.92,987.967,5163.78,11118.5,20366.3,6800.74,23295.1,2009.22,1053.86,3353,870.159,2626.39,18114.7,10910.5,5308.15,2474.97,4753.54,5155.14,3384.56,14594.8,5514.42,3589.38,7882.6,1390.16,1054.3,1416.65,28795.1,4185.07,6537.68,3532.47,2712.87,4883.92,15303.4,2346.35,2975.08,2214.99,3445.72,1208.27,922.249,133.577,382.625,5539.53,1879.02,377.707,1135.01,607.107,84.7582,356.979,4180.13,2279.28,1937.63,943.994,2171.71,2870.44,3709.97
21058.2,2345.43,983.944,1326.87,4345.4,16439.7,18655.7,6444.47,16097.5,4766.84,1463.28,3403.51,1571.6,2372.26,15131.7,14779.8,5396.69,1822,1953.88,7720.44,3586.49,12525.5,5591.26,4707.41,6085.73,3195.51,1793.65,1019.62,24794.8,8687.04,6277.11,4122.93,1765.51,5910.42,15057.4,2416.11,3012.72,2719.67,3172.98,1419.09,710.238,167.241,458.903,5653.38,1603.96,851.378,679.964,324.413,105.355,198.925,4024.74,2431.06,1602.73,904.235,2842.32,2768.53,1198.66
20638.6,3448.63,2103.93,903.815,4868.54,11918.9,20254.5,12520.4,17591.9,1634.36,1368.64,3481.74,2312.92,2422.58,14059.4,14895,4356.13,3016.43,3199.09,6167.09,4400.44,11103.8,5297.61,5673.51,7050.84,3049.67,580.945,997.216,26151.8,4380.53,10654.5,4010.57,2415.65,4836.44,14219.6,2892.91,3294.94,1518.09,4650.98,1423.07,471.914,117.685,858.186,5543.81,814.841,630.17,803.377,473.885,109.999,196.994,3488.41,2711.7,1134.09,1518.96,2684.48,2073.03,2828.56
19595.9,3248.53,2200.16,1017.86,5939.68,13865.8,15728,6845.01,21582.2,1798.24,1456.95,3820.01,1498.82,2344.09,16521.7,11380.1,5178.84,3408.75,3199.36,6844.27,5072.53,9571.26,4665.06,8979.58,6181.12,2337.93,1050.53,773.374,25467.9,5988.33,5627.56,4202.29,5732.24,3323.67,14549.5,2883.76,2119.31,3521.12,3728.82,969.79,665.261,239.648,668.627,5283.71,868.737,420.817,572.205,516.03,112.532,375.506,4345.38,2157.45,1481.7,949.566,2186.46,2771.69,927.549
21923.5,2569.82,872.461,2111.66,5117.05,12783.5,24061.1,1923.07,20070.6,2596.6,1659.35,3146.62,1892.13,3847.7,13503.1,14479.9,5250.46,2212.72,2229.2,7857.59,5690.04,10568.9,3863.73,5383.74,8189.53,3221.54,533.77,1316.95,22587.7,8898.84,6170.07,3993.6,3610.74,5707.34,14770.5,2830.11,2379.14,2157.16,4710.83,1494.44,701.025,456.11,297.859,5421.63,2024.97,691.259,764.378,338.408,55.4826,310.632,4675.21,2558.32,1317.23,1538.84,1906.31,4233.89,671.971
21685.6,3873.71,1438.69,894.982,9990.94,12954.2,20716.5,2964.78,16941.9,3245.78,2082.3,2910.32,1225.73,2790.04,15453.8,10675.7,7513.74,3187.21,3038.74,9019.37,4176.39,10447.3,4109.56,3823.92,9993.08,2991.32,533.887,925.831,24319.6,5898.97,8249.87,3063.67,2946.29,7446.96,15443.2,1996.6,2482.22,1934.07,5485.42,2015.44,488.749,252.586,361.85,5705.76,1357.48,670.301,196.897,484.234,60.7071,488.698,4872.92,2950.13,949.63,950.039,2937.56,5230.51,2334.06
18660.5,3415.28,2072.42,1486.2,9246.17,11845.3,25056.5,3080.58,16383.2,1945.08,2664.2,3036.27,682.571,3748.68,13192.3,13815.7,6162.16,3514.13,2957.5,7456.54,5058.44,11313.8,3226.64,5173.74,8771.53,2206.62,384.171,885.369,24809.7,8764.22,7778,3005.35,3061.19,4923.13,15259.5,2023.11,2375.79,2172.02,4448.22,2724.49,421.677,301.68,520.775,6377.03,985.449,296.425,209.365,371.413,53.4612,573.316,4616.94,3124.59,800.24,1200.05,2865.46,4121.06,3480.88
19419.8,2423.87,859.675,3599.31,6232.18,12636.5,25976.3,4962.4,13417.9,3045.04,2070.78,2888.64,792.13,2927.33,13171.2,14169.7,4845.09,3826.32,4559.12,6675.64,6484.73,10320.6,4209.33,3978.29,10091.8,1286.9,386.397,971.861,23800.4,10326.2,7355.63,2367.32,3888.82,5349.69,13429.4,4189.66,2063.29,2556.38,4211.96,2416.55,532.607,314.872,608.063,5645.69,1387.25,276.888,109.005,401.049,71.8627,353.972,4345.64,2005.1,1076.96,2075.72,1898.51,6080.22,2248.07
19521,3025.01,522.874,3856.45,4880.91,15230.9,25051.7,2713.06,18606.1,869.25,2639.52,3281.42,1012.59,2025.91,17475.9,10996,5610.85,3224.82,6154.13,7373.58,4055.64,8555.1,6697.37,3829.93,9856.25,1287.2,454.827,747.237,27991.3,6508.7,5884.75,4418.43,2496.2,5081.45,13015.3,4550.7,2860.13,1579.23,4315.31,1753.22,419.12,594.914,1073.57,5609.18,1527.45,411.965,96.4943,712.615,50.2313,358.419,4549.74,3232.54,984.606,2001.59,2916.25,3778.96,2554.06
18410.8,1925.08,1511.83,3763.36,4183.4,13887.6,26424.1,2895.35,18374.5,1154.3,1885.76,3373.32,1059.11,2369.95,15800.1,16015.9,3945.6,1893.87,5683.16,5946.27,5079.41,7759.91,8348.68,4325.42,9369.22,766.523,1046.31,621.728,29460.2,5101.5,6369.32,3391.64,2510.46,5726.77,12846.8,4567.48,3252.45,1373.97,5170.15,1690.24,428.437,558.472,839.007,6091.35,1261.99,706.658,62.7272,814.32,47.2393,306.744,8250.52,1584.75,1373.37,1692.78,2067.72,5357.32,3327.47
18850.3,1426.55,2882.19,4375.59,3962.46,13308,25690.7,3541.56,18669.1,1005.05,2216.73,2830.02,1348.08,1661.16,16411.8,15329.2,4571,1912.92,3370.92,7294.95,5404.58,7914.59,6727.45,6114.2,7811.34,759.005,1097.84,764.708,27115.1,7636.57,5139.12,2349.33,7623.07,2571.4,12415.6,5146.3,3264.13,1740.61,4572.06,1301.95,656.186,284.187,1247.44,5746.47,987.979,1089.21,77.3244,741.03,38.9217,391.112,5180.73,2919.76,1399.13,1475.21,2188.5,5347.79,2363.53
17636.2,1608.58,1846.11,4974.87,4466.41,12163.7,24141.1,6520.79,13127.2,6143.23,836.44,3500.29,577.292,1640.3,18133.7,13520.3,3733.18,2178.57,3776.64,7355.74,6112.36,9232.99,4171.7,9097.76,5632.18,1086.03,850.628,723.169,30095.2,6064.65,5057.97,2453.97,4980.62,3418.03,11785.1,6528.1,3226.2,2452.91,3563.43,1531.08,460.883,404.177,1182.36,6363.47,693.511,382.416,72.4355,861.549,73.7453,295.359,3960.73,2969.15,2442.2,1337.96,2382.89,4257.2,1517.7
16827.9,2403.38,1351.87,5186.94,4835.57,12829.3,23707.6,7920.36,11521.5,5444.67,874.783,3971.53,761.476,1590.83,17439.6,15808.6,2657.27,2224.98,3328.86,7585.4,6830.19,9558,3735.12,7677.58,7016.31,861.647,633.752,743.25,29948.3,5869.84,4812.38,2902.53,5188.15,3066.78,11983.9,5772.71,3188.31,2531.55,3774.64,1304.45,575.56,334.562,1079.42,5955.46,975.394,419.64,73.2583,904.988,73.488,276.014,3903.23,3080.03,2290.13,1566.86,2737.58,3580.16,1205.23
16829.4,2226.38,1704.04,5095.86,4769.63,11905.1,25886.7,4954.23,11885.2,6008.64,1095.77,4276.6,826.93,1590.91,16930,15628.5,3519.98,1736.3,2474.33,8614.18,6563.87,9844.68,3090.35,9243.33,6978.99,768.679,575.899,881.561,30043.3,4379.45,4915.79,3275.4,6980.79,2859.92,11635.7,6144.39,3422.65,2385.69,3746.68,1187.59,634.382,382.824,1371.67,5639.52,938.524,326.913,87.2686,825.796,70.7752,377.059,3733.26,2469.06,2448.83,1651.9,2422.04,4099.93,1250.74
16926.3,2227.02,1493.36,5658.34,3810.54,12279.5,28155.2,2769.07,13067.2,5109.52,1727.11,3499.99,1050.32,1551.39,16574.3,14416.7,5995.97,999.843,2559.18,7941.24,7263.36,11201.5,2812.12,6602.1,7590.09,902.118,636.414,1293.63,28775,4917.98,5767.82,2024.91,6504.49,3731.42,11752.1,6334.77,2755.4,2564.73,3848.27,960.356,987.037,361.937,1246.46,5433.26,1401.02,284.488,96.5113,737.989,69.0223,403.983,4620.79,2226.51,2345.08,1237.95,3575.82,3156.93,1260.75
16956.7,1944.61,1567.91,4709.57,5000.73,11054.8,27666.8,3144.19,12688.3,5320.98,1688.8,4184.9,829.584,1722.07,16070.8,17436.3,5202.21,770.679,2377.98,8830.58,5281.29,11502.8,2696.58,7655.41,6039.8,1509.96,641.453,1049.41,27411.7,5234.63,7065.93,1599.74,6335.7,4152.98,11819.2,6276.05,3199.02,2131.54,3980.63,1117.57,830.6,368.796,849.21,5443.66,1229.17,336.641,85.4456,1143.91,76.8356,412.216,4367.43,2063.76,2486.94,1942.63,2542.97,4452.41,1254.13
15445.6,3714.99,1780.48,4609.14,4175.31,12847.3,22780.2,5016.89,14226.6,2256.89,2439.38,3786.62,1211.55,1986.33,18060.3,13993.3,8681.92,943.87,1588.15,7165.11,5666.34,11168.6,3361.71,4306.36,7942.52,2644.91,569.927,890.476,24305.7,7633.55,7547.14,2595.05,5330.33,3971.38,12134.5,6195.26,3362.33,2252.49,3783.52,1185.28,878.449,123.974,1260.51,5965.57,1445.06,403.488,68.9642,604.099,48.4307,701.767,4215.47,3698.44,1547.61,1556.01,1794.93,7628.16,640.298
16978.6,2394.22,1665.57,4735.26,4884.68,15252.4,16428,8493.79,15325.8,1343.71,3071.29,4403.66,561.122,3323.52,17364,18931.3,3670,1113.64,2456.74,7085.27,5675.49,10025.4,4284.16,4602.3,6127.41,2955.03,828.396,681.156,24508.2,8238.6,9643.19,2249.57,4826.69,3385.77,11496.5,8180.78,3266.21,2276.41,3622.59,948.889,1129.42,160.426,1285.99,6144.95,1928.94,445.074,85.4896,702.295,31.3614,758.65,4816.3,4247.97,1502.47,2374.18,1225.74,6747.76,302.064
16853,2672.69,1941.15,5741.35,4007.81,14912.5,18323.1,3253.1,19849,1208.68,2453.61,4453.53,716.561,3498.13,17299.5,18232.4,3125.08,944.307,1918.48,7447.51,9359.63,8529.45,6566.52,3108.75,6339.92,3074.95,1156.66,1087.21,23643.2,8992.79,6004.57,4117.82,5884.41,3160.97,11546.5,7008.1,3829.94,2118.75,2721.22,1967.43,959.119,191.324,839.089,5782.34,1916.43,490.316,77.7354,655.884,31.4871,588.986,7674.31,2589.08,830.543,1839.39,1526.05,9147.11,458.013
17021.7,4699.78,1441.27,3337.47,4335.67,20372.6,15331.2,2765.72,18214.9,1983.98,3130.84,3964.97,1040.02,2408.67,18658.7,13420.4,5891.7,682.506,3430.39,6434.79,8401.47,9902.95,3859.67,3777.03,7748.08,1779.32,958.87,1054.88,26258.3,5433.06,6027.92,5345.59,5014.2,3484.13,11472,7291.24,4085.09,1618.42,3466.3,1784.95,763.941,180.11,1273.88,5875.5,1663.8,681.525,80.683,454.204,22.8498,689.489,6613.71,2230.23,1079.28,1568.61,1675.87,11404.5,682.688
16909.4,5020.77,1196.7,2465.26,5851.39,17812.5,20957.5,2321.73,12583.6,5291.69,1320.18,4604.61,656.796,2691,18332.2,13366.7,4129.5,1622.33,2790.97,7749.98,6416.17,9827.45,4259.88,4005.71,8020.31,1382.4,1618.86,1569.76,25340.4,4643.28,6264.09,7624.92,3274.69,4430.17,12040.4,5776.65,4233.11,1758.02,5410.55,1606.02,336.326,149.796,686.289,5723.68,1859.08,763.839,126.444,469.281,21.524,617.399,5047.83,3073.09,737.644,3502.47,1617.55,9935.64,672.085
18172.1,4618.37,1651.08,1545.92,5316.48,15591.4,24300.7,2168.91,13775.2,3587.73,1157.36,4484.04,1123.14,2520.07,16070.7,13004.1,4637.84,2223.7,2509.13,10244.3,4354.72,10194.5,4526.56,4870.65,7523.41,1410.27,1789.36,930.477,24634.6,4985.1,7368.93,3107.3,4617.05,6414.93,11430.6,5784.42,4905.62,2040.49,4541.12,1823.44,418.349,122.127,1011.23,5993.16,853.92,696.348,103.647,516.429,28.3928,835.418,4525.13,1951.02,1464.15,3123.66,2128.66,5759.81,2245.34
18042.2,3045.74,2513.82,945.034,7118.87,12816.9,26230.4,2058.88,13559.3,3797.05,903.792,5058.1,706.407,4261.27,13793.6,16743.7,3204.23,2747.11,3318.09,7702.36,5854.26,10758.1,3398.98,5076.49,7595.05,1400.84,1683.85,959.302,21741.4,7649.07,8931.44,2572.85,6156.48,5249.1,11384.8,5271.4,5679.77,1603.52,4594.6,1675.24,491.681,125.739,1319.01,6579.22,538.835,1025.89,147.396,733.43,30.271,531.828,4503.61,3569.02,1193.04,2216.2,1523.38,12292.4,606.07
19719.1,1452.91,2094.31,736.219,9792.81,9762.32,28514.4,3349.73,12655.6,2694.26,1532.98,4104.15,766.541,3963.96,15216.2,14292,5930.75,1591.68,4691.09,5988.33,4681.03,11960,3630.28,5147.7,7519.57,756.616,1284.01,2637.39,22924.6,4836.57,8048.17,4665.4,6664.07,3652.73,11649.8,5938.86,4327.78,1923.21,3641.9,1786.97,605.922,174.064,974.06,6999.82,429.138,1187.16,206.543,705.619,46.9382,410.79,7160.73,2049.73,1017.01,1453.04,2364.24,11118.5,662.856
16573.4,2062.48,2220.84,992.459,8488.71,11845,22551,3066.17,15604.4,1465.04,1191.27,5053.03,617.158,4694.31,16670.5,14922.5,2839.95,1784.6,3843.51,6384.1,4896.07,12998.2,3506.95,4738.67,6816.87,1525.65,1301.42,2900.83,22433.8,5954.3,8312.09,4885.61,5279.09,3392.6,12488.8,6397.63,2937.81,1985.16,4659.82,1259.25,1043.5,128.441,709.503,8696.8,311.154,762.463,161.552,693.463,25.4762,434.069,5130.6,4101.09,874.685,786.75,2994.56,7354.23,1736.95
16203.9,2712.98,1533.11,742.743,9966.44,15156.9,19888.6,2008.76,17513.4,851.413,1733.54,4523.79,867.202,3831.55,16783.5,13318.1,2618.61,2133.56,2960.63,8244.04,5114.07,10958.5,5400.98,4370.65,7902.17,882.636,1311.62,4304.99,21722.6,6203.6,7778.92,6620.28,2716.91,5857.92,12297.1,6310.26,3180.57,1664.88,4832.95,1209.93,679.271,233.293,1073.12,7048.94,588.199,677.658,230.538,754.597,18.3349,485.629,5816.85,3531.24,544.507,1002.37,4007.18,5094.15,1670.34
18037.8,2163.62,1213.92,786.482,8802.48,17163.8,21851.8,2951.55,12221.3,1322.68,2399.72,4486.96,1006.02,5304.62,15658.4,12935.6,3035.52,2436.75,2074.12,9876.11,5297.88,11138.6,4359.29,4589.7,8521.01,644.162,1470.11,4311.08,22448,8801.4,5995.72,3466.32,3214.89,5728.53,12322.4,6794.65,3084.25,1569.25,3850.87,1828.19,823.923,159.239,744.698,8453.34,288.701,1032.78,318.145,339.924,25.7642,592.894,7384.29,3288.84,572.711,859.56,5414.81,7007.55,1170.66
18679.1,1675.65,753.578,879.565,9619.29,20167.3,17054.7,3343.15,14684.5,1396.27,1165.64,3442.87,2134.37,3372.51,17778.7,12071.7,3957.09,1111.83,5445.15,7208.98,3433.2,10060.7,5135.61,8613.2,5813.09,1326.99,1213.54,3442.95,22593,6707.05,8185.26,2838.15,3767.23,5446.75,13292.6,5470.36,3413.7,1506.27,3748.81,1568.91,709.082,218.514,802.965,7925.23,394.699,558.578,466.628,203.24,19.0913,492.338,6653.3,2727.42,801.046,576.687,5277.44,10016.3,3810.6
19389.2,2139.57,784.623,687.549,11040.8,17514.9,22378.6,2300.44,13775.7,2416.54,562.48,2593.48,1416.96,4114.82,19547.6,9238.39,2782.22,4879.97,3475.34,7735.69,5043.41,8328.83,8015.2,6623.86,6365.87,1649.74,623.439,2217.56,26262.5,5020.91,5884.83,3228.92,2416.61,7669.45,12882,6916.76,3097.54,2224.2,3076.79,1370.54,1037.88,400.73,680.48,7674.06,805.062,611.902,406.403,194.867,13.4313,679.182,8687.18,3095.58,1008.32,533.806,4575.25,6137.92,5238.83
18245.9,3400.52,869.691,431.955,8978.24,17236.6,25391.4,3851.66,10735.9,3544.77,368.607,4011.75,1430.41,2319.53,20078.7,9617.11,3658.65,4891.98,3979.23,7335.56,4830.14,8128.2,6334.08,5609.65,7209.12,1175.42,929.118,4004.75,24933.8,4264.75,7945.41,2254.63,3013.54,6746.18,13291.8,5690.92,3678.12,1584.7,3170.55,1617.76,908.067,142.319,710.801,7840.58,695.323,437.401,419.852,188.08,17.6001,925.099,9476.2,1687.38,2863.76,518.731,3481.36,9533.05,5013.73
17364.5,2990.88,2045.28,540.981,6962.09,16767.7,25613,2179.37,13354.6,5207.47,278.759,4290.58,807.943,2790.74,21297.6,9399.51,3929.35,5517.94,1630.13,8036.39,5847.34,8712.74,4540.53,5649.74,8264.53,1057.64,587.902,3649.94,26113.6,3732.19,6996.85,2313.5,3435.75,6781.88,12930.1,6284.12,4089.46,1661.68,3697.47,1318.34,905.422,112.909,1058.81,7024.55,1019.72,485.153,422.969,167.39,18.0944,902.941,8947.15,2087.65,2324.68,680.991,3051.29,9068.86,6218.41
17250.3,3196.12,2099.11,520.702,8318.86,12555.8,27421.3,2956.43,12621.4,4552.52,409.226,3177.04,1261.34,3876.25,19622.9,10102.6,5259.2,2422.08,2115.84,6292.59,6435.63,9387.36,5332.34,5819.04,7251.54,1962.98,319.739,4349.26,26343.5,3024.35,7941.46,2783,4543.91,4094.95,12815.7,6305.54,4545.69,1329.55,3526.56,1615.83,972.088,129.403,1028.55,7035.78,1190.76,883.037,333.946,161.123,18.9948,636.059,9143.82,2373.58,1607.25,620.314,2571.5,12276.3,1925.44
15880.5,4622.7,1270.42,646.962,7744.32,12092.8,29137.1,2968.36,12144.7,3767.54,359.874,4032.99,1034,3733.75,18716.4,11533.3,3470.3,2342.24,1362.46,9216.02,6076.03,10224.8,4561.71,5427.86,7469,1855.66,319.155,2701.66,27551,4124.64,4267.09,2461.07,6043.79,4901.34,12895.2,6529.34,3955.37,1315.9,3241.71,2879.16,793.691,206.608,752.176,6491.53,2164.25,499.808,301.838,276.108,19.5844,667.837,10099.9,1848.32,2391.44,502.012,4201.82,6897.27,3003.87
15771.5,5717.51,708.018,1194.92,9429.07,9327.94,28419.1,4853.22,13410.2,1419.87,772.467,4482.15,991.119,2938.3,20726,13614.4,1668.62,2624.56,2790.01,6937.45,6741.44,8975.87,6058.69,6345.11,6187.95,1251.3,337.508,2395.06,28905.5,2641.29,6250.74,2323.22,4523.69,4843.6,13084.8,6378.36,4315.07,1014.76,3819.71,1612.81,585.519,312.884,748.395,5663.93,2079.44,591.92,308.262,435.238,14.4488,571.885,8673.91,3375.19,1619.53,432.049,7389.05,4558.5,5955.54
15955.6,4484.43,608.658,1290.5,7453.89,9927.18,25192.9,9027.79,12237.8,2862.1,684.585,4921.99,1382.91,2505.65,21449.6,12494.1,2158.22,3802.11,3608.73,6405,4402.05,9346.96,6781.4,6538.82,6100.4,1153.2,168.317,3433.21,28812.5,2462.19,7046.49,2527.6,3738.7,4596.3,13890.9,4601.06,3735.71,1312.22,3718.35,2061.31,469.658,261.563,327.654,6080.65,2521.71,563.302,163.301,323.797,31.0603,445.465,7949.41,3336.27,1693.9,471.271,4899.57,4991.46,9775.92
18863.3,1701.97,563.689,2269.26,6651.85,6899.51,30703.6,7761.51,12335.2,4526.09,1459.73,3966.75,1190.12,2833.62,17900.8,17006.7,1711.6,2724.83,6052.44,5392.95,6029.7,8076.94,8499.01,5920.1,5450.91,742.631,312.139,3546.06,21991.8,6876.29,9546.61,2197.15,3866.71,3613.81,13148.9,6330.51,3657.69,1693.04,3364.49,1825.75,530.238,314.801,308.418,7233.45,1360.17,265.207,142.709,376.425,28.2783,556.162,4819.83,4108.06,1649.01,445.942,6769.18,5328.86,6558.97
18982.3,1709.08,354.115,3538.34,4466.72,8787.37,23316.9,13308.7,13048.9,2933.93,1203.19,4374.84,1714.96,2855.7,15756.2,13935.1,2563.33,3704.77,6033.49,6067.6,6701.52,10241.8,4355.61,5221.38,7029.5,532.016,350.059,3752.37,21457.4,10562.9,4557.1,3676,6218.38,3031.44,12860.1,5081.77,3940.52,1917.23,3645.64,1494.78,903.326,347.282,228.789,7144.44,1301.89,308.775,162.46,233.714,36.4139,679.002,4789.25,3250.19,1453.29,773.068,5431.87,4442.6,4242.66
16921.7,3647.11,1279.13,3534.38,3948.83,7177.95,27535.3,12381.5,13554.3,4264.78,662.558,3690.36,1100.53,3985.59,18339.5,9657.81,7227.87,1284.36,2927.52,7340.89,6845,9608.83,4220.57,6464.42,6612.92,939.367,363.932,3165.42,18835,12398.2,6286.42,4067.42,3492.34,5324,12467.8,5296.78,4325.94,1629.79,4544.78,963.092,719.011,274.235,298.723,7104.66,713.219,401.927,204.044,212.344,57.8777,473.597,4359.32,2524.83,2129.48,860.199,4982.06,3161.4,5127.61
16800.2,2711.82,1208.28,4185.7,4465.08,8958.68,20486.8,12838.6,13856.8,6156.5,790.173,3436.35,1129.25,3479.61,17528,12148.7,5509.52,1154.58,2216.78,9228.25,4789.45,10732,3634.18,7076.93,5604.35,1881.38,450.597,2736.44,19338.1,13441.6,8164.77,1627.03,4872.71,5030.08,12555.3,6265.55,3715.88,2042.14,4226.64,914.632,589.096,176.578,287.033,6656.18,734.103,372.91,216.813,133.801,51.7427,661.991,4771.78,2049.86,2044.19,893.784,5031.69,2828.15,7650.4
18654.8,1362.23,2301.95,5753.4,4080.22,9528.26,21353.4,11801.2,12801.6,4426.04,727.956,3645.22,1310.76,4523.03,20783.3,8584.29,3876.82,2091.84,4811.63,7112.54,5603.03,8746.91,5813.59,6914.29,6487.24,744.288,468.743,3974.06,22046.7,11079.6,6466.14,1773.16,3445.51,5499.2,12501.2,5102.79,4932.08,2148.37,3300.82,1053.03,575.736,149.443,469.969,6654.88,520.033,1026.15,302.909,131.829,63.1664,575.18,6099.05,2296.14,901.834,1026.41,4414.75,3158.93,3344.95
19687.1,1134.99,2392.9,4266.74,5094.93,10390.7,14676.7,13426.7,15278.8,6158.15,592.862,3777.69,1836.74,4892.49,17346.2,12790.5,3919.67,740.379,2294.38,9756.15,3615.86,9497.2,5632.88,7322.28,7767.21,457.406,759.762,2751.83,23118.5,7354.69,6221.25,1766.73,4133.67,7380.34,12007.2,5070.76,4820.19,2363.81,2762.05,1368.27,721.528,212.126,500.025,6468.87,454.399,1243.84,327.036,176.529,59.054,704.565,6369.59,2111.56,978.211,963.043,6441.87,3243.83,3010.03
18523.4,2023.75,2179.88,4084.3,3381.57,20508.2,10588.6,10597.5,14078.5,7778.54,1080.96,3696.63,1557.75,3428.74,18026.4,10903.4,5290.29,1779.34,2742.98,6665.24,3006.6,9987.96,8943.35,5216.46,7170.08,926.434,568.403,2217.92,24282.3,8840.73,3590.76,3737.19,3415.39,6266.5,12673.3,4187.62,3464.91,3662.58,2811.45,1063.87,829.214,171.523,366.207,6694.81,420.687,990.09,327.695,211.073,71.7748,451.971,4905.11,2541.57,1152.79,967.274,4630.51,2881.25,2564.81
18093.1,2686.22,1966.47,4161.12,3589.56,15946.4,12775.9,8856.81,13001.9,7734.78,996.117,4055.44,1597.64,4447.34,16860.5,11077.1,5572.02,2102.38,2510.12,7080.92,2473.57,9988.12,7840.59,5629.56,7815.38,764.438,547.347,1944.16,25202.4,7118.93,3706.67,2534.17,4424.66,6736.34,12021.4,5928.37,3431.12,2605.52,3650.86,848.524,405.1,263.034,444.475,6528.61,455.007,737.344,253.238,287.447,69.2132,536.51,5387.83,1921.97,863.772,1694.02,3881.6,3021.12,3393.99
17720.9,2746.68,1882.75,5976.93,3571.93,16957.9,11565.2,7799.26,13105.8,9028.82,1376.01,3691.56,1245.04,5753.5,17935.4,11209.7,3692.17,1558.38,2201.5,7899.7,3750.83,8590.84,8962.21,5168.22,7582.17,842.229,302.335,1800.04,29970.9,2665.13,4820.18,2104.6,5915.86,6011.04,12276.9,5493.05,3189.12,3096.15,2244.56,1580.1,726.22,424.372,256.121,6061.28,832.88,843.247,162.738,184.554,80.0322,864.633,4636.34,1984.67,896.604,1667.21,5309.43,3266.11,1641.84
20273,1732.74,1511.05,5894.66,3686.69,17807.3,10754.8,8987.01,12358.8,8104.5,2543.44,3219.46,1369.05,6463.44,17790.1,9800.15,3898.25,1389.11,3019.21,8167.87,3548.52,10603.8,6034.95,5046.99,7696.46,1328.77,373.166,1851.75,29082.8,2512.31,6315.72,2070.8,6082.02,4482.35,12654.8,6262.5,2963.8,2521.89,3080,1053.43,770.122,390.036,234.318,6433.54,863.918,1442.23,210.077,164.733,71.6986,731.179,5106.03,2544.02,878.442,1543.33,4735.01,3855.76,620.404
19455.2,4043.58,1122.73,4759.37,3340.05,17960.3,9902.72,10246.2,13572.5,7288.11,1895.92,3403.61,1611.07,4776.51,16741.9,12075.2,2317.79,1306.08,4333.32,8546.94,5267.82,9168.42,5739.62,4617.4,9401.35,1367.56,305.224,1306.27,27127.4,2302.26,9170.32,2580.84,5732.71,4390.93,12412.8,5814.36,3314.48,1968.99,3253.36,1844.93,563.726,334.291,256.589,5711,1167.39,1110.85,551.568,161.555,64.3137,654.212,5374.32,3843.76,1039.12,778.154,2234.24,5796.02,651.881
18624.3,4531.12,964.345,5668.97,3472.6,14051.7,13276,4128.99,15262.3,8935.74,1178.85,3790.34,1368.58,4428.32,19142.6,9652.96,3820.42,1786.45,4506.39,5653.45,6065.13,9802.9,6617.25,4198.05,7683.37,883.508,715.992,1561.49,26194.9,2572.24,10984.5,3675.01,3885.41,4121.3,12285.6,6270.62,3212.06,2014.62,3140.85,2143.65,489.58,369.039,152.479,5372.61,1478.2,991.905,506.683,115.296,80.8124,713.438,5681.23,2833.73,1226.44,862.293,1922.49,5703.56,752.506
19357,3123.12,1310.64,5726.96,2721.52,19044.6,12429.3,1903.18,18718.6,7508.55,931.768,3514.63,1785.03,4449.09,19767.9,9528.43,2851.57,2246.31,5312.58,6969.86,4178.72,9242.88,7675.24,5042.68,6434.02,999.533,654.134,1558.5,29950,2083.28,8899.16,2196.79,4300.83,4402.75,13166,5643.92,2832.77,1900.01,2981.51,2170.25,643.618,411.388,162.632,5838.06,987.193,1417.03,603.272,137.145,78.1093,590.156,4519.17,3649.19,1541.37,1468.81,3488.2,2609.87,893.744
17825.9,6445.57,1712.16,2737.72,2731.04,19312.4,11346.5,2868.49,20204.2,8143.68,871.855,3559.16,2623.55,5338.84,17852.3,11398.9,2344.13,1895.46,2296.57,7714.24,5755.5,9278.98,7518.11,4850.92,5204.21,2794.06,878.154,1021.25,29584.1,2211.23,5820.09,4817.46,4029.42,5118.73,12752.6,5217.75,3191.05,2226.29,3254.89,1598.85,571.176,353.367,157.327,5295.89,893.115,1145.85,454.965,221.786,90.1776,429.392,5330.32,2334.79,1517.68,1804.65,4430.89,1898.08,954.378
18782,1516.68,3759.45,4018.9,3703.64,17607.1,9729.19,6949.51,16470.4,7504.32,844.72,3970.21,2243.38,6146.49,15037.6,12373.1,3402.08,1289.24,2106.85,9662.37,3697.85,11098.4,4878.76,5438.33,5660.64,2627.2,543.147,1406.9,30934,2076.49,5199.8,2705.72,3868.86,7345.23,12466.7,6553.02,2757.73,2254.25,3478.77,1727.94,511.213,504.121,125.358,4798.35,1207.56,560.769,1027.7,137.776,201.962,258.292,5305.72,1860.3,2561.27,1351,4225.25,2915.65,507.441
16748.8,3040.99,4519.57,5407.89,3884.97,16778.8,9577.51,7228.98,15576.9,7948.49,681.596,4614.21,1413.96,6583.77,16490.9,10493.2,3078.01,2574.71,1476.22,8255.99,5422.07,11794.8,4418.84,4643.42,5970.1,3008.48,518.848,1775.73,30033.9,3026.82,4041.73,2047.77,6716.66,4638.87,12911.3,4836.53,3330.63,1810.8,3497.59,2123.75,312.459,462.61,271.602,4291.8,1054.37,823.542,670.389,212.098,158.397,333.216,4093.89,1902.01,2171.77,1097.46,3190.43,2762.6,545.736
17502,2166.28,3435.26,7261.3,4202.25,15980.6,8893.12,10504.4,15240.5,7270.35,737.781,4082.89,1473.54,7066.79,16095.4,9767.45,4305.04,1861.59,2171.1,8893.27,4578.31,10024.8,5923.79,5408.82,5485.41,2665.05,702.285,1555.23,31844.9,1899.95,5396.09,2584.42,4615.69,5417.18,12414.2,6267.57,3894.54,1462.01,3836.24,1422.37,263.869,588.778,324.449,4003.07,775.085,1056.96,807.556,197.598,174.35,333.424,3290.32,2369.51,2080.16,988.943,2034.23,4662.44,454.999
16605.4,2413.97,2734.09,6371.46,5258.08,13370,9088.29,13584.8,14253.8,8690.77,1206.7,3792.1,1866.88,4157.26,19183.8,10645.4,2395.24,1408.86,1837.02,9553.56,6376.32,9219.59,6677.02,4784.01,5857.54,1686.79,1224.36,1198.5,31808.5,2574.21,3564.91,3177.88,4363.76,5799.84,12609.2,7926.51,4176.05,1358.98,3524.97,1391.01,390.975,647.979,253.059,5120.96,484.903,1131.04,662.904,163.203,119.668,435.382,4211.45,2291.35,1362.42,1634.2,2862.05,4284.38,229.625
16526.2,2016.16,2456.91,7279.99,5077.57,11228.7,9860.76,12158.8,14359.1,10595.5,1052.97,4712.37,1260.97,4949.26,17384.4,9850.93,3495.24,1686.63,2844.93,5825.32,8434.83,9790.68,5374.71,4263.25,8296.2,840.298,1744.21,1441.36,28936.9,2491.75,5487.74,1893.7,4258.93,7504.4,13361.2,6692.03,2796.9,1556.73,3574.66,2005.62,288.501,668.99,174.207,4495.94,688.728,840.567,1010.12,135.313,121.592,443.12,3927.45,2863.15,947.41,1603.53,1962.95,5924.59,480.974
17680.4,1526.94,2503.14,6570.14,4977.33,11486.1,10029.4,12623.9,15591.9,6191.58,799.996,3398.78,1381.69,7030.3,14738,14951,1953.88,1404.92,3158.31,6412.65,7805.18,9803.2,4839.05,4180.7,9213.99,855.989,1908.86,1456.41,30499.6,1898.98,5240.74,1635.44,4760.84,8087.34,13403.5,6839.01,3472.19,1429.45,4383.46,1196.75,366.104,510.182,134.507,4826.06,606.24,707.702,1217.44,183.856,195.782,662.993,4366.59,2977.66,906.407,1795.46,2192.97,5419.75,783.367
17374.9,1476.53,3335.48,4495.46,4989.24,13616.4,8835.59,10943.8,15778.4,9060.28,784.82,4434.28,1050.32,6875.6,13851.2,18321.7,1932.1,1112.98,3276.75,6583.35,6230.49,8295.74,8115.4,3986.64,6188.32,2239.48,3477.79,1274,29323.1,2321.87,4547.82,2366.42,6094.32,5396.78,13107.6,6870.35,4074.06,1228.31,3978.61,1452.2,386.201,588.338,82.318,4984.28,758.181,686.639,1037.2,170.7,121.639,320.37,4898.21,1918.83,1213.89,1395.23,1349.52,5897.45,1597.53
15817.7,2078.77,3482.4,4710.44,3591.83,20237.5,6984.45,10564.6,16597.4,7234.76,1020.52,5087.09,1069.65,4985.52,14908.6,12740.3,7396.08,927.618,2317.42,4672.6,7801.87,9144.41,7631.77,4933.34,5717.51,2131.83,2473.18,923.391,29836.2,1580.93,7882.13,2420.36,4506,5934.09,13164.4,6328.25,3286.46,2025.16,3404.08,1788.42,331.554,733.072,114.727,4365.01,1287.94,453.237,968.888,144.574,168.262,414.316,3774.97,3029.27,1794.3,1243.12,1640.89,4339.13,646.377
15632.7,4286.3,2254.59,2889.09,2807.41,22140.5,9573.12,4581.25,15082.6,9447.1,1346.78,4781.38,2041.3,5289.67,12660,12769.3,5560.95,3077.46,5664.72,4217.91,3743.93,11063.6,5325.21,6517.78,6613.16,1863.29,1693.41,937.359,27578.2,2169.03,8935.41,1693.37,5408.28,5374.14,13309.3,6469.2,2724.5,2289.46,3204.82,1811.56,228.814,766.138,268.487,4465.08,886.805,343.605,714.563,113.091,164.958,226.719,3673.17,2266.76,1864.48,1157.42,2077.01,3729.86,1724.06
16667,1934.57,4296.78,3728.22,2508.56,18422.9,9083.54,7244.9,16877.7,6741.71,644.248,7244.09,1507.81,4131.75,13491.1,11236.3,8405.38,1682.11,4859.52,4685.48,5629.57,11571,3820.11,6401.45,6827.84,1529.26,2058.31,781.871,28021.3,2756.19,5670.71,2031.59,5556.04,5441.2,13506.7,6819.47,3158.19,1490.01,3869.54,1435.85,185.653,600.024,449.245,4601.78,1223.45,375.242,431.296,117.644,117.189,253.221,4362.39,2509.88,2056.19,710.346,4114.61,2243.29,6446.87
15554.7,2762.02,2514.94,4410.47,3258.17,20796,8843.21,3345.25,17864,6089.15,1319.82,7643.89,1847.65,2943.93,12336,15192.6,4417.1,2183.25,6780.27,4660.14,3988.11,12447.1,4472.39,3917.09,8008.87,1733.92,3220.96,705.8,27451.2,3816.25,4310.5,2324.94,6163.47,5921.54,13659.2,6154.67,2865.79,1608.26,3464.26,911.46,491.078,757.906,574.885,4182.46,1359.53,308.4,498.426,76.1377,153.92,184.563,3403.22,2472.94,1756.34,1007.61,2159.71,2505.38,4854.02
16424.7,2557.72,2606.62,4254.84,2925.63,19213.3,10177.1,7379.21,14375.2,5726.54,1696.81,6601.52,1683.67,3835.77,13519.8,12845.7,3967.36,5529.83,2927.14,4222.72,9021.49,10194.2,5497.41,4423.12,8140.84,980.742,1937.39,545.88,32059.1,2144.58,5042.01,3218.59,4750.75,4572.84,13508.1,6554.29,3243.31,1592.8,3263.8,665.854,855.946,700.783,505.373,4454.75,1510.44,294.024,523.874,74.8833,157.119,197.013,4002.31,3260.12,1311.25,1275.4,3033.06,1175.72,6041.51
15917.7,2907.01,5131.55,3512.85,2900.12,20466.2,11414.6,3020.6,15012.6,8896.22,1827.99,4782.5,2467.15,3538.55,15387,9812.49,5827.13,5318.2,4294.69,4542.92,6231.01,10006.7,6236.57,4908.04,8459.11,449.67,1963.56,563.24,28613.8,3901.9,4777.22,1807.26,5528.88,5577.8,13381.4,7490.31,2626.45,2669.22,2945.03,628.823,601.351,873.668,323.678,4976.19,1025.36,237.583,860.953,94.3796,155.056,198.628,4884.98,1968.28,761.541,2645.86,1883.47,1887.95,3489.78
15751.3,4147.81,5243.9,2194.9,3515.91,17168.5,11461.2,5715.95,14255.2,7863.41,1549.45,4428.9,1756.83,4181.65,16596.3,8966.07,6520.7,3043.76,4673.36,5779.51,4825.81,9455.76,5764.64,6134.74,8324.89,470.69,2357.98,681.883,28223.6,5926.27,3334.65,1902.76,6306.08,5512.34,13304.4,6877.14,2998.96,1945.9,3429,717.005,426.369,1083.61,414.095,5415.71,1016.85,135.49,512.126,97.2649,147.9,221.382,3673.87,2548.87,892.292,1650.85,1946.02,2049.57,7081.85
17630.6,3729.63,3565.09,2876.15,2382.47,17784.4,13571.6,7126.51,11935,7452.68,1805.16,5479.46,1258.68,5070.93,13697.4,10499,7127.87,3258.41,5340.97,5004.94,5880.99,9038.29,5942.31,6162.41,7450.44,723.315,1666.2,721.409,27059.2,8590.91,4913.39,1499.91,3224.18,6143.11,12999.9,6560.48,3103,2967.91,2927.55,709.219,553.732,956.43,241.707,5717.81,810.217,196.026,582.673,88.8507,119.238,265.402,4768.01,2799.75,852.779,1654.03,2388.3,1316.68,11082.6
19083.5,2474.58,2187.91,4554.42,2744.5,19377.3,12713.6,7309.96,10946.4,6854.12,1740.53,5345.41,1423.37,5187.59,12206.5,14718.5,6290.89,3461.03,3901.86,4266.52,4319.94,10243.8,7263.42,3624.68,7585.65,843.978,1776.59,715.651,31922.5,3154.13,6719.89,1607.83,3172.14,5401.98,12922.3,7035.14,2850.67,2882.75,2504.91,1466.27,703.458,1129.1,160.913,5438.59,778.99,188.224,607.437,127.607,121.39,302.081,4613.48,2543.64,1019.61,1163.6,3796.8,1311.3,11360.1
19221.6,2957.89,1517.39,5986.52,3095.29,19872.2,12075.8,6586.91,11782.6,3526.84,4259.49,4152.11,1240.98,4098.46,12846.9,16635.3,2890.06,5349.77,5347.82,4703.41,4074.22,10585,7617.48,2607.39,8778,656.946,1213.87,643.74,29537.8,5797.6,5830.01,1225.47,3711.73,4849.35,13378.3,5913.92,2534.56,3319.6,2430.83,1373.33,810.181,1359.82,357.956,5607.27,582.735,250.341,384.866,83.6202,194.242,246.93,5810.74,1856.27,845.688,1499.48,4876.97,1176.63,13510.6
20294.6,2621.11,839.419,6133.06,4011.22,17407.6,12320.6,7121.62,11648,4236.14,5023.89,4053.38,1165.86,3237.1,14245.7,14694.9,2475.7,5126.05,6031.51,4969.21,4073.6,11493.3,5497.36,3777.26,7150.36,669.491,2116.63,464.15,31736.9,3245.14,9083.64,1685.37,2546.77,4373.35,13245,6631.42,2931.25,2385.44,3099.08,1314.65,516.971,1903.75,498.765,5449.54,569.076,373.824,268.753,124.579,255.301,209.751,6061.29,1749.99,630.475,2531.31,4667.31,1552.23,6532.1
21418.3,1787.37,764.825,5099.56,3728.37,18445.4,11787.4,5413.14,14848.3,1971.22,5779.29,4368,1412.49,2941.5,15995.5,12072,2180.7,5835.75,7178.66,6528.95,3571.47,10928.9,4839.32,3959.74,6364.32,963.57,2135.43,610.687,31385.6,3183.65,9006.44,2202.88,2450.27,3563.01,13813,5465.25,2708.77,2234.23,3058.44,1487.32,479.191,1624.2,420.24,6065.41,406.002,379.342,288.096,186.108,258.08,235.664,5082.78,1788.57,731.159,4469.28,4220.6,1846.2,6006.61
22369.8,1709.87,726.393,6847.77,4364.76,15724,12400.3,1892.54,19514.7,2249.05,4204.43,4734.81,1006.32,3429.23,16189.8,10769.4,3237.17,5031.21,5768.02,5358.61,6570.23,8863.75,5815.77,6487.23,4777.08,1329.85,1485.86,796.453,29699.9,3488.97,10364.9,1869.27,2543.59,3699.74,13429.5,5741.34,3013.05,1862.89,2552.18,2828.77,411.412,1124.81,360.084,5542.64,344.623,188.448,435.382,326.345,228.222,197.561,4127.59,1997.74,1052.49,2376.31,2110.16,3953.52,17804.2
20079.8,2397.07,1085.85,7096.11,4229.35,19814.9,9537.87,4187.03,19732.1,1152.83,3086.33,5240.79,1101.87,3427.08,12912.6,19631,1460.33,3070.48,3944.67,8269.84,3329.69,10335.4,5753.51,4031.1,6112.97,776.276,2173.71,714.888,30340.3,2630.02,10882.4,1613.9,3587.31,4076.4,13225.2,6463.72,3051.57,3078.82,2349.24,1562.34,568.698,1214.68,315.573,5186.12,900.479,93.9714,244.927,429.529,260.128,170.415,4028.25,1785.06,1790.2,2272.56,1125.82,5188.18,26259.5
20781.5,2152.84,1751.97,7301.81,4557.48,18303.2,10856.2,3055.06,18693.8,1245.72,4301.83,4736.69,1359.77,3688.8,13297.7,17589.4,1222.14,4104.43,4252.03,6828.83,5428.78,8197.36,7876.65,5468.4,4882.03,1207.94,1262.03,832.008,29284.5,2484.23,11262,1877.34,4537.59,4270.15,13259.2,6879.76,2621.87,2896.25,3220.9,1411.45,377.054,1483.82,229.718,5997.82,478.363,135.25,140.626,391.968,209.624,351.026,4498.2,1533.15,2473.81,2830.12,2010.31,2048.91,17737
23006.8,2404.99,851.837,6505.67,3688.16,19165.1,14266.9,1395.82,20410.1,608.163,3856.06,3920.57,1224.62,4043.93,14930.1,15808.2,1882.91,3040.25,1948.46,7939.81,5899.62,9002.28,4807.41,8011.09,4786.94,1378.16,1892.39,652.087,27747.2,3305.64,10040,1898.86,4853.37,4162.83,13529.7,6215.94,2915.76,2822.86,3213.48,884.523,392.001,2239.95,328.051,5282.33,669.957,146.312,186.321,446.607,233.944,358.241,3775.03,1730.35,2567.95,2509.75,1849.73,1965.88,46006.9
21708.2,3183.12,1215.74,6508.04,3285.61,20205.1,11505.2,2955.31,18784.8,781.715,4186.86,3905.37,1123.57,3327.61,14257.4,16000.4,2422.16,3148.18,946.507,10016.4,5472.42,8674.66,5237.52,7316.15,5703.96,970.841,1820.38,595.997,27935,3207.8,10129.3,1613.49,4562.52,5065.64,12933.8,7030.53,2917.89,2773.6,3762.61,510.273,424.34,1444.32,619.584,5852.27,458.538,201.994,155.201,667.29,126.048,315.534,4574.68,1654.16,2582.2,1710.43,3100.78,1661.34,52877.9
21282.3,5868.93,694.333,5408.88,3679.91,19210.6,10966.1,3649.63,19920.3,635.135,3084.37,4391.77,1689.03,3027.08,12995.1,18273.2,2702.95,5276.58,984.188,6654.91,8326.64,8238.18,6953.01,5282.16,6020.69,1045.81,1651.23,635.367,26499.8,3843.46,9869.27,1372.41,5801.26,5056.97,12868.8,6380.19,2865.32,3134.4,3279.39,724.556,486.26,1754.71,402.854,5769.73,615.856,150.648,149.037,677.594,157.785,359.945,5400.89,1583.3,1913.65,2197.16,1658.84,2383.58,23809.5
20263.1,5224.42,999.442,6490.95,3209.99,19534.8,10580,4508.59,20522.5,656.347,1093.88,5349.11,1645.11,3297.76,14562.2,16402,1959.44,4847.11,1454.02,8299.23,5326.67,8465.5,7077.01,4092.79,6392.69,1579.02,2636.5,438.705,24481.3,5442.78,9218.7,1703.95,3852.14,6131.83,13053.4,6776.42,2532.87,3002.26,4229.43,466.213,603.076,1610.77,373.976,5704.07,844.179,156.097,178.669,420.559,74.4181,515.4,5368.32,1592.9,1897.47,3521.12,1432.22,2390.71,19820.9
20176.6,5240.12,1057.89,6762.46,3607.08,17301.3,9725.5,6127.95,20468,747.733,771.82,6865.29,763.226,5137.66,13561.1,16769,1878.1,7422.21,2065.29,6044.05,6276.26,9069.27,5509.74,4470.38,6556.3,1473.03,1683.9,542.632,23909.7,5663.78,10219.7,1241.85,4621.98,5944.49,13242.1,5535.58,2691.66,3518.06,3502.66,534.615,503.467,1398.26,575.792,6071.04,1035.25,393.725,135.866,608.308,30.8647,658.704,5648.88,1802.29,1211.84,2565.12,1493.35,5878.35,7396.68
20455.7,5147.71,812.983,5584.67,3338.61,17932.3,10314.2,4208.39,21502.5,1033.43,491.196,6530.66,1390.71,3315.65,15146.6,12031,3524.67,8971.79,1680.15,6777.91,4423.68,8477.07,6099.56,3856.92,7820.21,2239.79,2105.72,485.468,22465.6,5490.79,10996.5,1621.67,4467.9,6021.4,12750,5137.93,3520.83,3043.23,3861.3,453.003,539.051,924.475,760.212,5861.79,1635.42,254.611,95.6938,916.969,35.6215,588.904,5480.11,1626.25,1104.58,3068.5,1904.26,6741.48,4804.83
20525.4,6022.75,590.1,5550.89,3777.95,18079.2,11185.8,3258.88,22229.7,802.397,704.207,5728.01,2527.06,2395.45,17599.7,11269.4,3631.89,9146.46,999.698,6407.65,5675.02,8651.19,4907.25,4093.9,8726.95,1582.61,2013.04,482.703,19613.5,9951.19,10487.8,1460.86,3478.24,8403.18,12497.2,6502.67,2929.37,3140.73,3941.82,450.624,524.345,1183.48,947.46,5648.83,1730.73,265.629,104.284,602.702,45.332,611.149,5991.17,1543.73,1431.93,1679.23,1580.49,8929.81,6283.2
22979.8,2977.88,558.658,5646.03,3449.96,20134.9,10546.6,3505.03,21106.9,944.274,1020.34,5453.91,2780.28,2524.72,17056.5,12161.5,3502.6,8281.97,773.269,6194.63,6094.61,8082.54,7670.97,3256.14,8777.6,1460.29,1355.32,365.366,19860.8,14509.9,5916.42,3640.72,2800.09,7891.98,13072.8,5996.16,2598.3,3408.78,3511.45,543.764,484.984,1551.72,777.627,5901.03,1432.11,206.031,124.657,623.27,56.9388,565.801,5957.38,1578.9,2262.49,1519.01,1867.92,4212.08,12048.2
23590.9,1932.07,912.949,5989.81,3443.53,18003.8,11360.6,6467.35,18807.7,548.646,2061.9,3844.34,3747.26,3690.18,19104.1,12935,2309.33,6350.51,807.05,5158.19,5517.76,9095.99,5846.23,5476.64,6601.7,1690.73,1592.42,404.474,23883.4,3289.76,14729.3,2167.42,3473.51,6855.98,12802.1,5824.3,3306.78,2840.49,3999.4,451.08,433.17,1045.28,850.246,5618.89,1340.12,187.151,160.737,794.878,56.176,587.784,4815.21,1678.67,2424.68,1831.56,2376.19,3747.58,11931.5
23460.3,2326.25,455.72,7461.2,4270.16,13045.2,12816,9978.69,17944.9,747.98,774.031,3759.3,2468,6106.36,22370.9,10290.1,2728.95,3921.99,672.461,6616.63,5288.32,9600.57,6240.15,3068.75,8826.16,1208.58,851.266,762.141,25978,3407.34,10330.2,2164,3834.81,5020.94,12583.5,6250.62,3267.21,2549.3,3181.82,417.127,688.705,864.366,1282.39,5370.23,2020.57,229.931,171.877,867.516,100.893,254.319,3652.88,2636.34,2433.65,2659.7,1471.15,7180.84,13483.1
22720.8,3084.77,428.717,6252.11,3885.88,19747.1,9618.73,7247.35,21246,749.39,502.78,4013.93,3157.8,7215.14,18988.8,11394.9,2605.4,4880.91,583.497,6390.77,6899.19,10311,5992.13,2796.31,8274.64,1119.67,1092.76,774.541,27344,2722.46,8412.24,2438.09,5319.82,4191.6,12524.5,7089.93,3205.26,2592.36,3036.51,645.508,402.74,1291.89,752.792,5432.79,1887.02,236.017,221.171,551.831,93.9957,231.54,4493.1,2526.92,1903.9,1672.8,1938.56,5464.04,31570.3
24331.4,1468.47,360.481,7040.79,4107.4,18734.9,9604.39,3385.61,24386.4,1181.05,729.048,4185.25,1722.88,6158.95,17854.3,12803.7,2742.42,5802.48,580.528,5920.57,6343.68,8981.28,6153.18,4319.44,8165.14,777.021,1365.43,1035.61,29696.1,2686.71,4233.55,5726.82,4003.01,3778.01,12697.1,6801.14,3336.86,1855.9,3740.99,639.679,147.895,818.412,780.07,5680.04,2607.92,430.24,254.604,766.879,89.8429,185.202,6482.79,1601.68,1218.9,1702.5,2535.59,7635.47,68238.6
20659.2,5397.29,317.082,5510.02,4079.69,18395.9,10389.2,4040.13,23614.4,763.139,1375.79,3094.02,2945.65,4677.6,18816.7,14462.1,1564.33,6688.49,1349.61,5206.71,4867.68,8131.99,9438.88,3742.71,7594.03,1179.03,1396.03,1278.47,28747.2,2168.26,6823.25,2802.73,6361.31,2880.48,12399,7525.72,3123.1,2569.87,3296.41,379.187,319.03,803.009,780.424,5880.14,1550.38,404.404,185.103,880.931,77.2687,156.851,5557.22,1310.88,2302.82,1913.72,1810.5,8530.16,25606.2
20452.2,5010.15,584.335,3500.02,3407.91,22786.4,9570.18,5365.23,20383,704.331,2386.51,3633.65,2657.15,4210.74,19394.2,15088.3,1444.77,6302.15,968.315,6121.87,5451.7,7908.24,8690.67,3649.12,8032.55,867.474,1674.17,818.758,32394.3,1704.1,6802.07,2646.92,3907.88,4108.94,12539.1,6407,3260.72,3291.1,3009.35,346.97,345.153,638.183,734.517,5830.19,2083.91,337.311,239.895,691.736,103.814,167.83,5677.65,1740.19,2394.73,1373.64,2228.76,7892.37,28226.2
19476.4,6046.74,743.362,2648.83,3674.2,19362.9,11657,3053.24,21076.1,660.762,1150.69,5634.14,3210.48,4665.12,16085.1,16320,1772.34,6744.61,1206.9,5296.03,5826.81,9231.88,5822.18,4104.6,7664.93,889.718,1369.33,762.597,33482.3,1765.33,4685.12,2751.62,4894.36,5253.52,12581.6,6222.96,3170.88,3050.2,2695.43,490.048,539.299,588.479,934.063,5940.51,1323.24,330.958,228.883,980.227,127.231,230.731,4590.97,1778.85,2637.62,1709.54,2722.22,3701.35,22111
20455.1,5189.01,743.654,1941.76,3368.66,21489,12842,1514.78,24529.1,646.451,1112.03,4207.23,3281.31,5070.35,15429.6,19854.5,1380.67,4377.06,981.49,6312.55,7367.74,8633.38,5068.01,4604.47,7946.95,677.073,1873.51,638.503,31902.1,1697.65,5559.96,3830.58,4253.39,4884.1,12190.6,7356.46,2854.86,3847.77,2000.03,836.417,494.237,649.341,1202.84,5689.96,1232.7,224.818,290.838,845.257,168.272,220.879,3633.95,2148.33,2318.34,2151.33,2304.96,4472.64,50530.5
22547.3,2246.12,940.827,2623.38,2857.64,24348.3,13302.2,2720.31,21166.3,513.899,1182.23,4225.06,2372.11,4560.21,17441.3,15312.6,1422.98,6501.23,1073.93,7906.71,4873.36,7655.64,8345.47,3364.31,7881.86,1556.96,1042.94,506.52,31546,2008.2,5685.63,4875.59,5041.08,3192.74,12164.5,7029.47,3385.03,2926.88,1869.93,693.946,1360.5,973.078,858.437,5159.91,856.47,394.057,403.095,618.052,177.795,198.319,3902.8,1454.97,2328.99,2743.72,1834.52,4260.68,34024.9
23298.5,1562,999.63,4274.1,2717.21,18945.8,18693.5,1710.6,19290.6,608.416,872.676,5133.32,2813.14,3741.73,19735.4,12390.2,1925.82,5553.31,1321.59,6184.52,7345.05,9203.91,6174.65,2522.08,8153.64,1848.31,893.551,560.201,32311,1728,6342.74,3763.62,3033.71,5642.63,12462.5,5195.66,4637.57,2163.7,1940.46,704.312,1041.21,1051.91,927.295,5168.73,602.63,505.454,759.393,467.736,172.952,206.369,2930.37,2252.77,2337.14,2519.43,2428.97,3306.64,36518.4
22973.9,2590.83,1019.98,3106.92,2979.07,17706.6,17435.1,2301.09,18132.2,932.771,889.773,6217.89,2647.53,3996.91,18944.9,14073.2,1340.32,5324.91,2065.85,5446.01,7009.64,7561.96,8198.06,3659.89,6934.07,3265,704.32,701.133,32036.9,1945.65,5343.64,2531.09,5317.9,3859.1,12365.6,6166.15,4247.8,2565.55,2057.32,556.903,950.154,1049.24,830.777,4821.83,707.524,547.488,535.596,295.151,241.43,216,3270.85,1880.34,2224.57,1531.3,5189.23,2058.86,16739.1
21282.3,2885.74,1208.4,3918.04,2620.3,21147,13877.6,4128.03,17285,1307.3,396.839,8340.23,1346.92,4312.43,21243.2,10182.3,1911.7,7106.07,1281.52,8742.28,4001.02,7542.61,9655.89,2800.92,7857.82,1850.7,764.907,1325.81,32834.4,1999.23,4662.57,1939.74,3961.23,5372.66,12332.4,6831.77,3089.18,3390.78,2135.88,464.404,940.16,871.224,910.733,4170.89,730.268,1488.19,481.997,304.332,315.905,174.113,3154.78,3106.42,1003.11,2310.8,3324.75,2809.9,11117
19589.4,4639.1,1119.98,3360.44,3096.77,22318.9,13221.6,2828.89,18678.7,1058,626.508,6940.87,1887.02,4682.76,19912.2,10558.6,2311.05,4797.07,838.47,9174.95,4251.57,9230.94,7487.23,2699.03,7891.28,3182.73,537.453,1563.32,33526.6,2109.52,3434.5,2771.86,4490.31,4662.39,12485.3,6242.69,3186.51,3427.45,1878.76,788.1,875.653,850.486,932.145,4106.47,1250.28,911.494,463.813,287.37,293.934,177.405,4099.19,2061.03,1361.54,1990,2283.58,2773.76,7855.2
19101.9,6274.99,1037.12,3007.48,3276.29,17603.4,16098.1,2610.4,19555.8,759.074,711.431,7947.12,3369.76,3264.23,20474.7,7305.41,5689.01,2377.24,1821.47,8641.28,4706.59,7916.68,10027.5,2386.93,9271.33,1942.5,331.977,1575.95,33256.5,2193.05,3477.32,2165.73,5981.17,4683,12738.2,6967.03,2829.94,3491.6,2152.95,790.925,753.459,1349.82,418.192,4526.39,1025.24,821.018,408.091,315.929,228.928,180.042,4689.87,2134.45,1170.08,1140.45,2452.2,4412.74,13648.5
