ft1_gear1_1956,ft1_gear1_1957,ft1_gear1_1958,ft1_gear1_1959,ft1_gear1_1960,ft1_gear1_1961,ft1_gear1_1962,ft1_gear1_1963,ft1_gear1_1964,ft1_gear1_1965,ft1_gear1_1966,ft1_gear1_1967,ft1_gear1_1968,ft1_gear1_1969,ft1_gear1_1970,ft1_gear1_1971,ft1_gear1_1972,ft1_gear1_1973,ft1_gear1_1974,ft1_gear1_1975,ft1_gear1_1976,ft1_gear1_1977,ft1_gear1_1978,ft1_gear1_1979,ft1_gear1_1980,ft1_gear1_1981,ft1_gear1_1982,ft1_gear1_1983,ft1_gear1_1984,ft1_gear1_1985,ft1_gear1_1986,ft1_gear1_1987,ft1_gear1_1988,ft1_gear1_1989,ft1_gear1_1990,ft1_gear1_1991,ft1_gear1_1992,ft1_gear1_1993,ft1_gear1_1994,ft1_gear1_1995,ft1_gear1_1996,ft1_gear1_1997,ft1_gear1_1998,ft1_gear1_1999,ft1_gear1_2000,ft1_gear1_2001,ft1_gear1_2002,ft1_gear1_2003,ft1_gear1_2004,ft1_gear1_2005,ft1_gear1_2006,ft1_gear1_2007,ft1_gear1_2008,ft1_gear1_2009,ft1_gear1_2010,ft1_gear1_2011,ft1_gear1_2012,ft1_gear1_2013,ft1_gear2_1956,ft1_gear2_1957,ft1_gear2_1958,ft1_gear2_1959,ft1_gear2_1960,ft1_gear2_1961,ft1_gear2_1962,ft1_gear2_1963,ft1_gear2_1964,ft1_gear2_1965,ft1_gear2_1966,ft1_gear2_1967,ft1_gear2_1968,ft1_gear2_1969,ft1_gear2_1970,ft1_gear2_1971,ft1_gear2_1972,ft1_gear2_1973,ft1_gear2_1974,ft1_gear2_1975,ft1_gear2_1976,ft1_gear2_1977,ft1_gear2_1978,ft1_gear2_1979,ft1_gear2_1980,ft1_gear2_1981,ft1_gear2_1982,ft1_gear2_1983,ft1_gear2_1984,ft1_gear2_1985,ft1_gear2_1986,ft1_gear2_1987,ft1_gear2_1988,ft1_gear2_1989,ft1_gear2_1990,ft1_gear2_1991,ft1_gear2_1992,ft1_gear2_1993,ft1_gear2_1994,ft1_gear2_1995,ft1_gear2_1996,ft1_gear2_1997,ft1_gear2_1998,ft1_gear2_1999,ft1_gear2_2000,ft1_gear2_2001,ft1_gear2_2002,ft1_gear2_2003,ft1_gear2_2004,ft1_gear2_2005,ft1_gear2_2006,ft1_gear2_2007,ft1_gear2_2008,ft1_gear2_2009,ft1_gear2_2010,ft1_gear2_2011,ft1_gear2_2012,ft1_gear2_2013,ft1_gear3_1956,ft1_gear3_1957,ft1_gear3_1958,ft1_gear3_1959,ft1_gear3_1960,ft1_gear3_1961,ft1_gear3_1962,ft1_gear3_1963,ft1_gear3_1964,ft1_gear3_1965,ft1_gear3_1966,ft1_gear3_1967,ft1_gear3_1968,ft1_gear3_1969,ft1_gear3_1970,ft1_gear3_1971,ft1_gear3_1972,ft1_gear3_1973,ft1_gear3_1974,ft1_gear3_1975,ft1_gear3_1976,ft1_gear3_1977,ft1_gear3_1978,ft1_gear3_1979,ft1_gear3_1980,ft1_gear3_1981,ft1_gear3_1982,ft1_gear3_1983,ft1_gear3_1984,ft1_gear3_1985,ft1_gear3_1986,ft1_gear3_1987,ft1_gear3_1988,ft1_gear3_1989,ft1_gear3_1990,ft1_gear3_1991,ft1_gear3_1992,ft1_gear3_1993,ft1_gear3_1994,ft1_gear3_1995,ft1_gear3_1996,ft1_gear3_1997,ft1_gear3_1998,ft1_gear3_1999,ft1_gear3_2000,ft1_gear3_2001,ft1_gear3_2002,ft1_gear3_2003,ft1_gear3_2004,ft1_gear3_2005,ft1_gear3_2006,ft1_gear3_2007,ft1_gear3_2008,ft1_gear3_2009,ft1_gear3_2010,ft1_gear3_2011,ft1_gear3_2012,ft1_gear3_2013,ft1_gear4_1956,ft1_gear4_1957,ft1_gear4_1958,ft1_gear4_1959,ft1_gear4_1960,ft1_gear4_1961,ft1_gear4_1962,ft1_gear4_1963,ft1_gear4_1964,ft1_gear4_1965,ft1_gear4_1966,ft1_gear4_1967,ft1_gear4_1968,ft1_gear4_1969,ft1_gear4_1970,ft1_gear4_1971,ft1_gear4_1972,ft1_gear4_1973,ft1_gear4_1974,ft1_gear4_1975,ft1_gear4_1976,ft1_gear4_1977,ft1_gear4_1978,ft1_gear4_1979,ft1_gear4_1980,ft1_gear4_1981,ft1_gear4_1982,ft1_gear4_1983,ft1_gear4_1984,ft1_gear4_1985,ft1_gear4_1986,ft1_gear4_1987,ft1_gear4_1988,ft1_gear4_1989,ft1_gear4_1990,ft1_gear4_1991,ft1_gear4_1992,ft1_gear4_1993,ft1_gear4_1994,ft1_gear4_1995,ft1_gear4_1996,ft1_gear4_1997,ft1_gear4_1998,ft1_gear4_1999,ft1_gear4_2000,ft1_gear4_2001,ft1_gear4_2002,ft1_gear4_2003,ft1_gear4_2004,ft1_gear4_2005,ft1_gear4_2006,ft1_gear4_2007,ft1_gear4_2008,ft1_gear4_2009,ft1_gear4_2010,ft1_gear4_2011,ft1_gear4_2012,ft1_gear4_2013
0.298218,0.791969,0.739643,0.560962,0.513025,0.401222,0.42018,0.306395,0.433498,0.724392,0.738489,0.717329,0.891674,0.7389,0.451962,0.468051,0.34341,0.284605,0.399545,0.570972,0.729064,0.781674,0.624123,0.990451,0.878504,0.580713,0.427575,0.465506,0.468074,0.351737,0.312437,0.764205,0.675194,0.527371,0.673295,20.0855,1.41455,1.77316,0.650789,0.479989,0.385711,0.407283,0.369201,0.34897,0.396862,0.0749117,0.0734995,0.12381,0.178201,0.327517,0.494447,0.337018,0.14729,0.20056,0.355094,0.340963,0.25605,0.188011,0,0,0,0,0,0,0,0,0,0,0,0,0,0,0,0,0,0,0,0,0,0,0,0,0,0,0,0,0,0,0,0,0,0,0,0,0,0,0,0,0,0,0,0,0,0,0,0,0,0,0,0,0,0,0,0,0,0,0,0,0,0,0,0,0,0,0,0,0,0,0,0,0,0,0,0,0,0,0,0,0,0,0,0,0,0,0,0,0,0,0,0,0,0,0,0,0,0,0,0,0,0,0,0,0,0,0,0,0,0,0,0,0,0,0,0,0,0,0,0,0,0,0,0,0,0,0,0,0,0,0,0,0,0,0,0,0,0,0,0,0,0,0,0,0,0,0,0,0,0,0,0,0,0,0,0,0,0,0,0,0,0,0,0,0,0,0,0,0,0,0,0,0,0
0.298218,0.791969,0.739643,0.560962,0.513025,0.401222,0.42018,0.306395,0.433498,0.724392,0.738489,0.717329,0.891674,0.7389,0.451962,0.468051,0.34341,0.284605,0.399545,0.570972,0.729064,0.781674,0.624123,0.990451,0.878504,0.580713,0.427575,0.465506,0.468074,0.351737,0.312437,0.764205,0.675194,0.527371,0.673295,20.0855,1.41455,1.77316,0.650789,0.479989,0.385711,0.407283,0.369201,0.34897,0.396862,0.0749117,0.0734995,0.12381,0.178201,0.327517,0.494447,0.337018,0.14729,0.20056,0.355094,0.340963,0.25605,0.188011,0,0,0,0,0,0,0,0,0,0,0,0,0,0,0,0,0,0,0,0,0,0,0,0,0,0,0,0,0,0,0,0,0,0,0,0,0,0,0,0,0,0,0,0,0,0,0,0,0,0,0,0,0,0,0,0,0,0,0,0,0,0,0,0,0,0,0,0,0,0,0,0,0,0,0,0,0,0,0,0,0,0,0,0,0,0,0,0,0,0,0,0,0,0,0,0,0,0,0,0,0,0,0,0,0,0,0,0,0,0,0,0,0,0,0,0,0,0,0,0,0,0,0,0,0,0,0,0,0,0,0,0,0,0,0,0,0,0,0,0,0,0,0,0,0,0,0,0,0,0,0,0,0,0,0,0,0,0,0,0,0,0,0,0,0,0,0,0,0,0,0,0,0,0
0.298846,0.807139,0.760486,0.571937,0.522489,0.42254,0.413496,0.329339,0.435374,0.716934,0.743991,0.707704,0.880444,0.739421,0.452204,0.473016,0.347806,0.281659,0.393655,0.553685,0.7262,0.790196,0.623879,1.00277,0.916106,0.626924,0.433066,0.463043,0.473065,0.35451,0.314362,0.77361,0.685537,0.527514,0.669002,20.0832,1.4626,1.73237,0.668018,0.479299,0.386088,0.40366,0.362147,0.338847,0.400541,0.0762108,0.0737735,0.123723,0.176473,0.321936,0.486323,0.322946,0.132124,0.190231,0.338064,0.319388,0.227155,0.178083,0,0,0,0,0,0,0,0,0,0,0,0,0,0,0,0,0,0,0,0,0,0,0,0,0,0,0,0,0,0,0,0,0,0,0,0,0,0,0,0,0,0,0,0,0,0,0,0,0,0,0,0,0,0,0,0,0,0,0,0,0,0,0,0,0,0,0,0,0,0,0,0,0,0,0,0,0,0,0,0,0,0,0,0,0,0,0,0,0,0,0,0,0,0,0,0,0,0,0,0,0,0,0,0,0,0,0,0,0,0,0,0,0,0,0,0,0,0,0,0,0,0,0,0,0,0,0,0,0,0,0,0,0,0,0,0,0,0,0,0,0,0,0,0,0,0,0,0,0,0,0,0,0,0,0,0,0,0,0,0,0,0,0,0,0,0,0,0,0,0,0,0,0,0
0.292825,0.710773,0.70247,0.464347,0.440163,0.367878,0.407407,0.35613,0.409048,0.591282,0.653929,0.660418,0.837091,0.701449,0.371079,0.370873,0.329489,0.273039,0.383132,0.518117,0.664226,0.777101,0.576472,1.05549,0.934905,0.520034,0.409909,0.421642,0.406529,0.29839,0.274736,0.642864,0.628852,0.546988,0.723641,20.0853,1.16953,1.677,0.565622,0.430057,0.317213,0.331282,0.306382,0.293894,0.329927,0.0636934,0.0644907,0.106183,0.151059,0.276639,0.395426,0.262565,0.11784,0.161311,0.276118,0.257083,0.222983,0.16968,0,0,0,0,0,0,0,0,0,0,0,0,0,0,0,0,0,0,0,0,0,0,0,0,0,0,0,0,0,0,0,0,0,0,0,0,0,0,0,0,0,0,0,0,0,0,0,0,0,0,0,0,0,0,0,0,0,0,0,0,0,0,0,0,0,0,0,0,0,0,0,0,0,0,0,0,0,0,0,0,0,0,0,0,0,0,0,0,0,0,0,0,0,0,0,0,0,0,0,0,0,0,0,0,0,0,0,0,0,0,0,0,0,0,0,0,0,0,0,0,0,0,0,0,0,0,0,0,0,0,0,0,0,0,0,0,0,0,0,0,0,0,0,0,0,0,0,0,0,0,0,0,0,0,0,0,0,0,0,0,0,0,0,0,0,0,0,0,0,0,0,0,0,0
0.273643,0.720149,0.569179,0.395816,0.348468,0.255537,0.296719,0.251764,0.367959,0.551615,0.601726,0.538228,0.68001,0.58213,0.360526,0.383886,0.288223,0.285956,0.399962,0.536383,0.692054,0.679453,0.605136,0.924427,0.859553,0.451508,0.350979,0.369246,0.368158,0.282094,0.233764,0.61424,0.589441,0.490462,0.575254,20.0568,1.45219,1.40858,0.456135,0.312846,0.306385,0.345052,0.276429,0.265016,0.307238,0.0590068,0.0601918,0.0954977,0.134044,0.224306,0.279976,0.175424,0.0868184,0.120155,0.212548,0.223061,0.178979,0.143375,0,0,0,0,0,0,0,0,0,0,0,0,0,0,0,0,0,0,0,0,0,0,0,0,0,0,0,0,0,0,0,0,0,0,0,0,0,0,0,0,0,0,0,0,0,0,0,0,0,0,0,0,0,0,0,0,0,0,0,0,0,0,0,0,0,0,0,0,0,0,0,0,0,0,0,0,0,0,0,0,0,0,0,0,0,0,0,0,0,0,0,0,0,0,0,0,0,0,0,0,0,0,0,0,0,0,0,0,0,0,0,0,0,0,0,0,0,0,0,0,0,0,0,0,0,0,0,0,0,0,0,0,0,0,0,0,0,0,0,0,0,0,0,0,0,0,0,0,0,0,0,0,0,0,0,0,0,0,0,0,0,0,0,0,0,0,0,0,0,0,0,0,0,0
0.276286,0.739029,0.60335,0.393403,0.355843,0.288468,0.430491,0.251165,0.375124,0.663041,0.660424,0.577066,0.610683,0.584831,0.322196,0.458124,0.325008,0.290889,0.373798,0.469193,0.610805,0.663772,0.584673,0.884294,0.783341,0.428811,0.3657,0.387211,0.330341,0.249935,0.279868,0.616987,0.548634,0.412408,0.528493,20.0823,1.30803,1.34231,0.420494,0.309419,0.245119,0.286564,0.225622,0.219128,0.258596,0.0551904,0.0558715,0.0897045,0.123502,0.20063,0.255185,0.15813,0.0743374,0.115971,0.193745,0.217434,0.160033,0.135226,0,0,0,0,0,0,0,0,0,0,0,0,0,0,0,0,0,0,0,0,0,0,0,0,0,0,0,0,0,0,0,0,0,0,0,0,0,0,0,0,0,0,0,0,0,0,0,0,0,0,0,0,0,0,0,0,0,0,0,0,0,0,0,0,0,0,0,0,0,0,0,0,0,0,0,0,0,0,0,0,0,0,0,0,0,0,0,0,0,0,0,0,0,0,0,0,0,0,0,0,0,0,0,0,0,0,0,0,0,0,0,0,0,0,0,0,0,0,0,0,0,0,0,0,0,0,0,0,0,0,0,0,0,0,0,0,0,0,0,0,0,0,0,0,0,0,0,0,0,0,0,0,0,0,0,0,0,0,0,0,0,0,0,0,0,0,0,0,0,0,0,0,0,0
0.272678,0.723518,0.62023,0.435648,0.375365,0.315194,0.398521,0.290307,0.495862,0.730913,0.719187,0.624688,0.642789,0.627412,0.380689,0.463828,0.320428,0.285375,0.395076,0.496501,0.678234,0.668966,0.517429,0.953555,0.662356,0.446553,0.372218,0.393151,0.387926,0.296544,0.269413,0.622395,0.56082,0.432951,0.556484,20.0714,0.999688,1.27499,0.470716,0.335787,0.298871,0.334857,0.244751,0.232912,0.282734,0.0618732,0.0603653,0.0947014,0.126529,0.208461,0.271603,0.161442,0.0806325,0.126838,0.213851,0.217062,0.172677,0.152727,0,0,0,0,0,0,0,0,0,0,0,0,0,0,0,0,0,0,0,0,0,0,0,0,0,0,0,0,0,0,0,0,0,0,0,0,0,0,0,0,0,0,0,0,0,0,0,0,0,0,0,0,0,0,0,0,0,0,0,0,0,0,0,0,0,0,0,0,0,0,0,0,0,0,0,0,0,0,0,0,0,0,0,0,0,0,0,0,0,0,0,0,0,0,0,0,0,0,0,0,0,0,0,0,0,0,0,0,0,0,0,0,0,0,0,0,0,0,0,0,0,0,0,0,0,0,0,0,0,0,0,0,0,0,0,0,0,0,0,0,0,0,0,0,0,0,0,0,0,0,0,0,0,0,0,0,0,0,0,0,0,0,0,0,0,0,0,0,0,0,0,0,0,0
0.269822,0.724469,0.658073,0.444527,0.374039,0.313048,0.385269,0.334864,0.466972,0.680996,0.630283,0.517167,0.588286,0.552916,0.362092,0.424288,0.296377,0.285845,0.400829,0.509228,0.613149,0.629582,0.576991,0.73761,0.61301,0.490923,0.369728,0.398581,0.348665,0.275506,0.248172,0.646489,0.567968,0.439452,0.558808,20.0703,1.08238,1.21452,0.475112,0.357126,0.295891,0.348571,0.275272,0.277688,0.325051,0.0584439,0.0544668,0.0860868,0.111411,0.174817,0.220142,0.120021,0.0787617,0.120314,0.188186,0.170527,0.138319,0.124349,0,0,0,0,0,0,0,0,0,0,0,0,0,0,0,0,0,0,0,0,0,0,0,0,0,0,0,0,0,0,0,0,0,0,0,0,0,0,0,0,0,0,0,0,0,0,0,0,0,0,0,0,0,0,0,0,0,0,0,0,0,0,0,0,0,0,0,0,0,0,0,0,0,0,0,0,0,0,0,0,0,0,0,0,0,0,0,0,0,0,0,0,0,0,0,0,0,0,0,0,0,0,0,0,0,0,0,0,0,0,0,0,0,0,0,0,0,0,0,0,0,0,0,0,0,0,0,0,0,0,0,0,0,0,0,0,0,0,0,0,0,0,0,0,0,0,0,0,0,0,0,0,0,0,0,0,0,0,0,0,0,0,0,0,0,0,0,0,0,0,0,0,0,0
0.275735,0.710607,0.580873,0.425834,0.361498,0.294218,0.404865,0.272035,0.383264,0.555003,0.685365,0.561839,0.634599,0.561985,0.324972,0.379542,0.333969,0.281585,0.359119,0.471191,0.659487,0.573139,0.457716,0.72631,0.620844,0.430643,0.366334,0.39804,0.302415,0.250978,0.269354,0.645697,0.564981,0.404201,0.595463,20.0693,1.14183,1.37034,0.522684,0.367428,0.293564,0.334636,0.274544,0.276716,0.311833,0.0565652,0.0531905,0.0819096,0.102469,0.174356,0.2119,0.134124,0.0873824,0.126607,0.205149,0.189539,0.142021,0.120151,0,0,0,0,0,0,0,0,0,0,0,0,0,0,0,0,0,0,0,0,0,0,0,0,0,0,0,0,0,0,0,0,0,0,0,0,0,0,0,0,0,0,0,0,0,0,0,0,0,0,0,0,0,0,0,0,0,0,0,0,0,0,0,0,0,0,0,0,0,0,0,0,0,0,0,0,0,0,0,0,0,0,0,0,0,0,0,0,0,0,0,0,0,0,0,0,0,0,0,0,0,0,0,0,0,0,0,0,0,0,0,0,0,0,0,0,0,0,0,0,0,0,0,0,0,0,0,0,0,0,0,0,0,0,0,0,0,0,0,0,0,0,0,0,0,0,0,0,0,0,0,0,0,0,0,0,0,0,0,0,0,0,0,0,0,0,0,0,0,0,0,0,0,0
0.26535,0.809775,0.645967,0.461864,0.342752,0.297755,0.389425,0.32429,0.440135,0.58434,0.61195,0.555866,0.714112,0.642567,0.365977,0.397254,0.350962,0.298319,0.393315,0.519245,0.664711,0.632345,0.488933,0.837297,0.775331,0.507118,0.377071,0.384155,0.345444,0.299419,0.264066,0.738432,0.622627,0.443923,0.565412,20.0531,1.28609,1.66724,0.599497,0.521164,0.331768,0.34984,0.287769,0.316267,0.346524,0.0564314,0.0574367,0.0897247,0.116297,0.195948,0.254254,0.155094,0.0994938,0.13892,0.239647,0.202967,0.146814,0.128484,0,0,0,0,0,0,0,0,0,0,0,0,0,0,0,0,0,0,0,0,0,0,0,0,0,0,0,0,0,0,0,0,0,0,0,0,0,0,0,0,0,0,0,0,0,0,0,0,0,0,0,0,0,0,0,0,0,0,0,0,0,0,0,0,0,0,0,0,0,0,0,0,0,0,0,0,0,0,0,0,0,0,0,0,0,0,0,0,0,0,0,0,0,0,0,0,0,0,0,0,0,0,0,0,0,0,0,0,0,0,0,0,0,0,0,0,0,0,0,0,0,0,0,0,0,0,0,0,0,0,0,0,0,0,0,0,0,0,0,0,0,0,0,0,0,0,0,0,0,0,0,0,0,0,0,0,0,0,0,0,0,0,0,0,0,0,0,0,0,0,0,0,0,0
0.259747,0.768685,0.676407,0.516159,0.372341,0.330383,0.366084,0.265262,0.446345,0.689102,0.656438,0.586353,0.734746,0.60755,0.366203,0.392026,0.327937,0.297686,0.392105,0.525999,0.653556,0.569466,0.424926,0.854509,0.831861,0.448251,0.348589,0.347711,0.302185,0.261137,0.264894,0.688558,0.67791,0.546433,0.536611,20.0422,1.20117,1.41064,0.720524,0.452312,0.308799,0.376633,0.305504,0.321454,0.359664,0.0585852,0.0578222,0.0995873,0.126783,0.227859,0.291953,0.167977,0.0869209,0.126785,0.216272,0.193864,0.160075,0.135032,0,0,0,0,0,0,0,0,0,0,0,0,0,0,0,0,0,0,0,0,0,0,0,0,0,0,0,0,0,0,0,0,0,0,0,0,0,0,0,0,0,0,0,0,0,0,0,0,0,0,0,0,0,0,0,0,0,0,0,0,0,0,0,0,0,0,0,0,0,0,0,0,0,0,0,0,0,0,0,0,0,0,0,0,0,0,0,0,0,0,0,0,0,0,0,0,0,0,0,0,0,0,0,0,0,0,0,0,0,0,0,0,0,0,0,0,0,0,0,0,0,0,0,0,0,0,0,0,0,0,0,0,0,0,0,0,0,0,0,0,0,0,0,0,0,0,0,0,0,0,0,0,0,0,0,0,0,0,0,0,0,0,0,0,0,0,0,0,0,0,0,0,0,0
0.257129,0.863539,0.645923,0.481207,0.403818,0.320818,0.372924,0.284977,0.365449,0.643872,0.655185,0.593146,0.691298,0.645119,0.385671,0.323059,0.351092,0.283979,0.375156,0.510701,0.683052,0.543606,0.38248,0.718711,0.702275,0.487678,0.348858,0.329678,0.285573,0.2068,0.278533,0.696602,0.690154,0.539175,0.679547,20.0403,1.2322,1.45756,0.648336,0.521363,0.3307,0.342563,0.260268,0.236445,0.27544,0.0534108,0.0488305,0.0829985,0.0993443,0.166391,0.208979,0.120932,0.0731028,0.11067,0.190213,0.157472,0.132788,0.10238,0,0,0,0,0,0,0,0,0,0,0,0,0,0,0,0,0,0,0,0,0,0,0,0,0,0,0,0,0,0,0,0,0,0,0,0,0,0,0,0,0,0,0,0,0,0,0,0,0,0,0,0,0,0,0,0,0,0,0,0,0,0,0,0,0,0,0,0,0,0,0,0,0,0,0,0,0,0,0,0,0,0,0,0,0,0,0,0,0,0,0,0,0,0,0,0,0,0,0,0,0,0,0,0,0,0,0,0,0,0,0,0,0,0,0,0,0,0,0,0,0,0,0,0,0,0,0,0,0,0,0,0,0,0,0,0,0,0,0,0,0,0,0,0,0,0,0,0,0,0,0,0,0,0,0,0,0,0,0,0,0,0,0,0,0,0,0,0,0,0,0,0,0,0
0.265263,0.905558,0.657476,0.469112,0.3541,0.325857,0.267034,0.226277,0.330783,0.55242,0.611619,0.526258,0.541039,0.515154,0.301779,0.333249,0.330221,0.310264,0.395306,0.521474,0.655999,0.448795,0.350308,0.666724,0.645269,0.510486,0.322872,0.310427,0.257189,0.20675,0.268358,0.726509,0.674315,0.556845,0.771642,20.0417,1.10252,1.4034,0.622933,0.515302,0.315434,0.296113,0.21972,0.204238,0.222923,0.0503381,0.0462674,0.0801978,0.0992163,0.179528,0.248767,0.135712,0.0726595,0.101627,0.183097,0.174131,0.129479,0.0911178,0,0,0,0,0,0,0,0,0,0,0,0,0,0,0,0,0,0,0,0,0,0,0,0,0,0,0,0,0,0,0,0,0,0,0,0,0,0,0,0,0,0,0,0,0,0,0,0,0,0,0,0,0,0,0,0,0,0,0,0,0,0,0,0,0,0,0,0,0,0,0,0,0,0,0,0,0,0,0,0,0,0,0,0,0,0,0,0,0,0,0,0,0,0,0,0,0,0,0,0,0,0,0,0,0,0,0,0,0,0,0,0,0,0,0,0,0,0,0,0,0,0,0,0,0,0,0,0,0,0,0,0,0,0,0,0,0,0,0,0,0,0,0,0,0,0,0,0,0,0,0,0,0,0,0,0,0,0,0,0,0,0,0,0,0,0,0,0,0,0,0,0,0,0
0.266502,0.664721,0.66667,0.509154,0.404266,0.315636,0.263314,0.240487,0.31089,0.49516,0.552773,0.505736,0.510535,0.475311,0.303661,0.315123,0.354813,0.30538,0.392666,0.495077,0.596428,0.444588,0.334528,0.598004,0.621373,0.428768,0.301851,0.302029,0.258314,0.216236,0.277699,0.694185,0.596385,0.471788,0.626075,20.0824,1.11282,1.37698,0.62848,0.520043,0.350211,0.313759,0.249934,0.228782,0.234204,0.0469394,0.0441426,0.0790246,0.101305,0.186798,0.26596,0.153509,0.0795405,0.10602,0.202063,0.184348,0.129568,0.09976,0,0,0,0,0,0,0,0,0,0,0,0,0,0,0,0,0,0,0,0,0,0,0,0,0,0,0,0,0,0,0,0,0,0,0,0,0,0,0,0,0,0,0,0,0,0,0,0,0,0,0,0,0,0,0,0,0,0,0,0,0,0,0,0,0,0,0,0,0,0,0,0,0,0,0,0,0,0,0,0,0,0,0,0,0,0,0,0,0,0,0,0,0,0,0,0,0,0,0,0,0,0,0,0,0,0,0,0,0,0,0,0,0,0,0,0,0,0,0,0,0,0,0,0,0,0,0,0,0,0,0,0,0,0,0,0,0,0,0,0,0,0,0,0,0,0,0,0,0,0,0,0,0,0,0,0,0,0,0,0,0,0,0,0,0,0,0,0,0,0,0,0,0,0
0.279326,0.735741,0.653917,0.515641,0.485747,0.33428,0.326066,0.2652,0.328204,0.449014,0.570242,0.494566,0.508104,0.477814,0.304336,0.348448,0.386868,0.31933,0.415847,0.547788,0.671964,0.508274,0.357541,0.690215,0.64149,0.472842,0.316223,0.324441,0.28899,0.241425,0.290409,0.703037,0.619533,0.525913,0.650433,20.0699,1.40672,1.33639,0.674197,0.514677,0.360935,0.329669,0.255735,0.236068,0.236448,0.0498868,0.0467705,0.0841156,0.109634,0.207703,0.303902,0.193655,0.0915989,0.134883,0.257634,0.206319,0.163479,0.106189,0,0,0,0,0,0,0,0,0,0,0,0,0,0,0,0,0,0,0,0,0,0,0,0,0,0,0,0,0,0,0,0,0,0,0,0,0,0,0,0,0,0,0,0,0,0,0,0,0,0,0,0,0,0,0,0,0,0,0,0,0,0,0,0,0,0,0,0,0,0,0,0,0,0,0,0,0,0,0,0,0,0,0,0,0,0,0,0,0,0,0,0,0,0,0,0,0,0,0,0,0,0,0,0,0,0,0,0,0,0,0,0,0,0,0,0,0,0,0,0,0,0,0,0,0,0,0,0,0,0,0,0,0,0,0,0,0,0,0,0,0,0,0,0,0,0,0,0,0,0,0,0,0,0,0,0,0,0,0,0,0,0,0,0,0,0,0,0,0,0,0,0,0,0
0.272713,0.717896,0.612478,0.445098,0.418079,0.285061,0.346081,0.259383,0.323595,0.491447,0.518212,0.488168,0.519413,0.448508,0.256931,0.341693,0.321521,0.292993,0.376696,0.508825,0.576693,0.402071,0.313936,0.778942,0.611594,0.426799,0.296752,0.304158,0.259205,0.234256,0.243241,0.647857,0.584782,0.444437,0.60536,20.0845,1.42683,1.25673,0.486783,0.430809,0.332914,0.307393,0.261442,0.233643,0.215117,0.0458444,0.0446146,0.0777869,0.0996042,0.183911,0.246277,0.148601,0.0784299,0.1062,0.192555,0.160015,0.110288,0.0879485,0,0,0,0,0,0,0,0,0,0,0,0,0,0,0,0,0,0,0,0,0,0,0,0,0,0,0,0,0,0,0,0,0,0,0,0,0,0,0,0,0,0,0,0,0,0,0,0,0,0,0,0,0,0,0,0,0,0,0,0,0,0,0,0,0,0,0,0,0,0,0,0,0,0,0,0,0,0,0,0,0,0,0,0,0,0,0,0,0,0,0,0,0,0,0,0,0,0,0,0,0,0,0,0,0,0,0,0,0,0,0,0,0,0,0,0,0,0,0,0,0,0,0,0,0,0,0,0,0,0,0,0,0,0,0,0,0,0,0,0,0,0,0,0,0,0,0,0,0,0,0,0,0,0,0,0,0,0,0,0,0,0,0,0,0,0,0,0,0,0,0,0,0,0
0.284127,0.660676,0.621551,0.501449,0.436302,0.294438,0.364255,0.291332,0.340363,0.511285,0.547432,0.497096,0.531794,0.471906,0.274024,0.335094,0.337969,0.265266,0.338879,0.473323,0.542143,0.449301,0.339183,0.887553,0.657751,0.417827,0.302537,0.319575,0.272409,0.246251,0.237411,0.656145,0.560595,0.468754,0.656054,20.0833,1.47521,1.3277,0.472759,0.446094,0.314593,0.28854,0.234169,0.20496,0.189914,0.0432484,0.0411753,0.0715286,0.0959972,0.168382,0.216724,0.131754,0.0499871,0.0831969,0.152557,0.130967,0.107175,0.0794483,0,0,0,0,0,0,0,0,0,0,0,0,0,0,0,0,0,0,0,0,0,0,0,0,0,0,0,0,0,0,0,0,0,0,0,0,0,0,0,0,0,0,0,0,0,0,0,0,0,0,0,0,0,0,0,0,0,0,0,0,0,0,0,0,0,0,0,0,0,0,0,0,0,0,0,0,0,0,0,0,0,0,0,0,0,0,0,0,0,0,0,0,0,0,0,0,0,0,0,0,0,0,0,0,0,0,0,0,0,0,0,0,0,0,0,0,0,0,0,0,0,0,0,0,0,0,0,0,0,0,0,0,0,0,0,0,0,0,0,0,0,0,0,0,0,0,0,0,0,0,0,0,0,0,0,0,0,0,0,0,0,0,0,0,0,0,0,0,0,0,0,0,0,0
0.278891,0.750663,0.643881,0.544633,0.473123,0.293778,0.368964,0.284792,0.343911,0.518892,0.550074,0.496406,0.497545,0.492489,0.297887,0.393447,0.352209,0.274972,0.352731,0.463816,0.608622,0.489506,0.357229,0.912136,0.729185,0.402641,0.302892,0.332231,0.300335,0.249584,0.257663,0.649793,0.585702,0.549544,0.52483,20.0848,1.60642,1.36584,0.50648,0.41294,0.304094,0.305044,0.244433,0.226151,0.210087,0.0475502,0.0448986,0.0761549,0.102493,0.179588,0.232089,0.138925,0.0715214,0.0967203,0.164896,0.147062,0.112543,0.0843717,0,0,0,0,0,0,0,0,0,0,0,0,0,0,0,0,0,0,0,0,0,0,0,0,0,0,0,0,0,0,0,0,0,0,0,0,0,0,0,0,0,0,0,0,0,0,0,0,0,0,0,0,0,0,0,0,0,0,0,0,0,0,0,0,0,0,0,0,0,0,0,0,0,0,0,0,0,0,0,0,0,0,0,0,0,0,0,0,0,0,0,0,0,0,0,0,0,0,0,0,0,0,0,0,0,0,0,0,0,0,0,0,0,0,0,0,0,0,0,0,0,0,0,0,0,0,0,0,0,0,0,0,0,0,0,0,0,0,0,0,0,0,0,0,0,0,0,0,0,0,0,0,0,0,0,0,0,0,0,0,0,0,0,0,0,0,0,0,0,0,0,0,0,0
0.278829,0.588014,0.614323,0.513763,0.455327,0.279247,0.326813,0.278403,0.359014,0.476718,0.637419,0.461742,0.47939,0.428261,0.28281,0.395923,0.323395,0.271468,0.368823,0.484293,0.634272,0.506316,0.343951,0.75885,0.73113,0.335644,0.299805,0.324466,0.323104,0.269599,0.234129,0.650555,0.557493,0.507813,0.564143,20.0841,1.74579,1.29102,0.465787,0.331941,0.2861,0.294677,0.241508,0.228724,0.212722,0.0442546,0.0437093,0.0749993,0.106716,0.190856,0.239673,0.148138,0.0881991,0.118949,0.18757,0.164481,0.118905,0.0903931,0,0,0,0,0,0,0,0,0,0,0,0,0,0,0,0,0,0,0,0,0,0,0,0,0,0,0,0,0,0,0,0,0,0,0,0,0,0,0,0,0,0,0,0,0,0,0,0,0,0,0,0,0,0,0,0,0,0,0,0,0,0,0,0,0,0,0,0,0,0,0,0,0,0,0,0,0,0,0,0,0,0,0,0,0,0,0,0,0,0,0,0,0,0,0,0,0,0,0,0,0,0,0,0,0,0,0,0,0,0,0,0,0,0,0,0,0,0,0,0,0,0,0,0,0,0,0,0,0,0,0,0,0,0,0,0,0,0,0,0,0,0,0,0,0,0,0,0,0,0,0,0,0,0,0,0,0,0,0,0,0,0,0,0,0,0,0,0,0,0,0,0,0,0
0.273577,0.564922,0.634241,0.50352,0.452177,0.276885,0.307161,0.254753,0.343844,0.427647,0.642089,0.488223,0.535924,0.453174,0.278155,0.388813,0.3381,0.260904,0.361545,0.479624,0.655926,0.51667,0.336555,0.711017,0.71054,0.359375,0.286627,0.303988,0.30627,0.256584,0.234111,0.642955,0.570163,0.501913,0.541131,20.0845,1.64982,1.24271,0.452825,0.316738,0.268044,0.280911,0.225589,0.21223,0.199395,0.0448321,0.0443864,0.0742378,0.105345,0.187344,0.229281,0.142849,0.0892051,0.118926,0.187649,0.159944,0.110737,0.0869457,0,0,0,0,0,0,0,0,0,0,0,0,0,0,0,0,0,0,0,0,0,0,0,0,0,0,0,0,0,0,0,0,0,0,0,0,0,0,0,0,0,0,0,0,0,0,0,0,0,0,0,0,0,0,0,0,0,0,0,0,0,0,0,0,0,0,0,0,0,0,0,0,0,0,0,0,0,0,0,0,0,0,0,0,0,0,0,0,0,0,0,0,0,0,0,0,0,0,0,0,0,0,0,0,0,0,0,0,0,0,0,0,0,0,0,0,0,0,0,0,0,0,0,0,0,0,0,0,0,0,0,0,0,0,0,0,0,0,0,0,0,0,0,0,0,0,0,0,0,0,0,0,0,0,0,0,0,0,0,0,0,0,0,0,0,0,0,0,0,0,0,0,0,0
0.27052,0.595614,0.655836,0.542619,0.483302,0.294586,0.326484,0.278245,0.346288,0.471129,0.695594,0.535376,0.597742,0.483705,0.294521,0.404425,0.352026,0.27326,0.357961,0.474602,0.694557,0.528088,0.34482,0.70659,0.783672,0.367516,0.296006,0.307265,0.322671,0.25827,0.235393,0.684642,0.633916,0.568368,0.544705,20.0848,1.72979,1.35799,0.467784,0.330721,0.278003,0.299993,0.242393,0.227821,0.209261,0.0474207,0.0460797,0.0780631,0.111346,0.203115,0.257233,0.157236,0.0950714,0.132825,0.211929,0.179036,0.127124,0.0945568,0,0,0,0,0,0,0,0,0,0,0,0,0,0,0,0,0,0,0,0,0,0,0,0,0,0,0,0,0,0,0,0,0,0,0,0,0,0,0,0,0,0,0,0,0,0,0,0,0,0,0,0,0,0,0,0,0,0,0,0,0,0,0,0,0,0,0,0,0,0,0,0,0,0,0,0,0,0,0,0,0,0,0,0,0,0,0,0,0,0,0,0,0,0,0,0,0,0,0,0,0,0,0,0,0,0,0,0,0,0,0,0,0,0,0,0,0,0,0,0,0,0,0,0,0,0,0,0,0,0,0,0,0,0,0,0,0,0,0,0,0,0,0,0,0,0,0,0,0,0,0,0,0,0,0,0,0,0,0,0,0,0,0,0,0,0,0,0,0,0,0,0,0,0
0.264295,0.588998,0.640632,0.524667,0.478667,0.280617,0.351359,0.287657,0.34062,0.476038,0.683192,0.5411,0.549804,0.486643,0.293608,0.410761,0.365725,0.291271,0.35127,0.481353,0.72053,0.58367,0.370283,0.627468,0.696482,0.39453,0.31085,0.312727,0.321998,0.232669,0.237356,0.6779,0.620549,0.579062,0.602749,20.0664,1.72988,1.23159,0.500784,0.350379,0.285642,0.319015,0.252492,0.238164,0.223027,0.0500274,0.0458064,0.0778282,0.109564,0.203225,0.250225,0.156626,0.0816082,0.118289,0.187396,0.168933,0.109165,0.0873941,0,0,0,0,0,0,0,0,0,0,0,0,0,0,0,0,0,0,0,0,0,0,0,0,0,0,0,0,0,0,0,0,0,0,0,0,0,0,0,0,0,0,0,0,0,0,0,0,0,0,0,0,0,0,0,0,0,0,0,0,0,0,0,0,0,0,0,0,0,0,0,0,0,0,0,0,0,0,0,0,0,0,0,0,0,0,0,0,0,0,0,0,0,0,0,0,0,0,0,0,0,0,0,0,0,0,0,0,0,0,0,0,0,0,0,0,0,0,0,0,0,0,0,0,0,0,0,0,0,0,0,0,0,0,0,0,0,0,0,0,0,0,0,0,0,0,0,0,0,0,0,0,0,0,0,0,0,0,0,0,0,0,0,0,0,0,0,0,0,0,0,0,0,0
0.263873,0.605386,0.623613,0.530861,0.484695,0.296686,0.314817,0.281536,0.347004,0.478505,0.695851,0.560377,0.588722,0.46915,0.285024,0.392645,0.36076,0.271648,0.335614,0.449262,0.666291,0.502974,0.35285,0.597546,0.648809,0.334217,0.305779,0.297596,0.30398,0.229711,0.253084,0.711348,0.620471,0.591931,0.626751,20.0413,1.78941,1.26657,0.435564,0.324149,0.279953,0.29284,0.231061,0.216153,0.213059,0.0490342,0.0464331,0.079417,0.111795,0.196399,0.241949,0.147613,0.082682,0.123485,0.197886,0.161994,0.113454,0.0834044,0,0,0,0,0,0,0,0,0,0,0,0,0,0,0,0,0,0,0,0,0,0,0,0,0,0,0,0,0,0,0,0,0,0,0,0,0,0,0,0,0,0,0,0,0,0,0,0,0,0,0,0,0,0,0,0,0,0,0,0,0,0,0,0,0,0,0,0,0,0,0,0,0,0,0,0,0,0,0,0,0,0,0,0,0,0,0,0,0,0,0,0,0,0,0,0,0,0,0,0,0,0,0,0,0,0,0,0,0,0,0,0,0,0,0,0,0,0,0,0,0,0,0,0,0,0,0,0,0,0,0,0,0,0,0,0,0,0,0,0,0,0,0,0,0,0,0,0,0,0,0,0,0,0,0,0,0,0,0,0,0,0,0,0,0,0,0,0,0,0,0,0,0,0
0.259655,0.609445,0.701138,0.575633,0.515298,0.306476,0.355624,0.281147,0.380724,0.500184,0.636416,0.595185,0.621126,0.540762,0.32645,0.392704,0.315005,0.273173,0.311757,0.37739,0.559582,0.507281,0.358288,0.590531,0.598963,0.393261,0.318435,0.287391,0.282317,0.220899,0.291995,0.777054,0.675764,0.548486,0.598135,20.0515,1.76953,1.23806,0.406319,0.287484,0.264893,0.274185,0.215543,0.212597,0.207386,0.0458358,0.0416699,0.0732523,0.102034,0.179447,0.231753,0.13783,0.0809841,0.103832,0.167196,0.145344,0.115253,0.0755382,0,0,0,0,0,0,0,0,0,0,0,0,0,0,0,0,0,0,0,0,0,0,0,0,0,0,0,0,0,0,0,0,0,0,0,0,0,0,0,0,0,0,0,0,0,0,0,0,0,0,0,0,0,0,0,0,0,0,0,0,0,0,0,0,0,0,0,0,0,0,0,0,0,0,0,0,0,0,0,0,0,0,0,0,0,0,0,0,0,0,0,0,0,0,0,0,0,0,0,0,0,0,0,0,0,0,0,0,0,0,0,0,0,0,0,0,0,0,0,0,0,0,0,0,0,0,0,0,0,0,0,0,0,0,0,0,0,0,0,0,0,0,0,0,0,0,0,0,0,0,0,0,0,0,0,0,0,0,0,0,0,0,0,0,0,0,0,0,0,0,0,0,0,0
0.255193,0.633436,0.667809,0.562721,0.517732,0.316524,0.335186,0.241133,0.40509,0.520479,0.620235,0.606421,0.681898,0.554646,0.35869,0.369665,0.306762,0.239329,0.300734,0.371047,0.494475,0.462447,0.308388,0.610003,0.563515,0.337029,0.320832,0.309327,0.30246,0.242486,0.30019,0.77681,0.623617,0.484821,0.55215,20.0589,1.74322,1.09213,0.365291,0.266838,0.2497,0.277992,0.217758,0.212335,0.197211,0.0445625,0.039207,0.0689336,0.0903909,0.156349,0.19246,0.115194,0.0708273,0.08742,0.138722,0.107598,0.0996908,0.0721225,0,0,0,0,0,0,0,0,0,0,0,0,0,0,0,0,0,0,0,0,0,0,0,0,0,0,0,0,0,0,0,0,0,0,0,0,0,0,0,0,0,0,0,0,0,0,0,0,0,0,0,0,0,0,0,0,0,0,0,0,0,0,0,0,0,0,0,0,0,0,0,0,0,0,0,0,0,0,0,0,0,0,0,0,0,0,0,0,0,0,0,0,0,0,0,0,0,0,0,0,0,0,0,0,0,0,0,0,0,0,0,0,0,0,0,0,0,0,0,0,0,0,0,0,0,0,0,0,0,0,0,0,0,0,0,0,0,0,0,0,0,0,0,0,0,0,0,0,0,0,0,0,0,0,0,0,0,0,0,0,0,0,0,0,0,0,0,0,0,0,0,0,0,0
0.252651,0.660827,0.700018,0.589443,0.541989,0.304498,0.363445,0.258283,0.403845,0.604702,0.634777,0.614244,0.7098,0.57484,0.367183,0.363255,0.302914,0.238757,0.312926,0.40703,0.605468,0.580897,0.319534,0.70037,0.527015,0.365544,0.354032,0.352515,0.344052,0.244492,0.296428,0.773911,0.706581,0.529815,0.557926,20.0522,1.72863,1.23997,0.356387,0.259469,0.282923,0.293763,0.223839,0.214619,0.204198,0.048939,0.0434329,0.0734912,0.0946823,0.167649,0.213989,0.132999,0.0538278,0.0731476,0.140875,0.119382,0.10548,0.0682597,0,0,0,0,0,0,0,0,0,0,0,0,0,0,0,0,0,0,0,0,0,0,0,0,0,0,0,0,0,0,0,0,0,0,0,0,0,0,0,0,0,0,0,0,0,0,0,0,0,0,0,0,0,0,0,0,0,0,0,0,0,0,0,0,0,0,0,0,0,0,0,0,0,0,0,0,0,0,0,0,0,0,0,0,0,0,0,0,0,0,0,0,0,0,0,0,0,0,0,0,0,0,0,0,0,0,0,0,0,0,0,0,0,0,0,0,0,0,0,0,0,0,0,0,0,0,0,0,0,0,0,0,0,0,0,0,0,0,0,0,0,0,0,0,0,0,0,0,0,0,0,0,0,0,0,0,0,0,0,0,0,0,0,0,0,0,0,0,0,0,0,0,0,0
0.26835,0.739491,0.711808,0.542202,0.472223,0.296841,0.360074,0.2214,0.384926,0.587504,0.682391,0.605999,0.651155,0.535884,0.31139,0.378373,0.297956,0.267264,0.331163,0.44878,0.595041,0.572501,0.335864,0.635157,0.638501,0.427166,0.342546,0.36672,0.36638,0.278064,0.275742,0.762812,0.731962,0.537836,0.582525,20.0597,1.7867,1.28442,0.34292,0.283944,0.272407,0.278831,0.205462,0.212946,0.184602,0.0458583,0.0422182,0.0707525,0.0886744,0.157763,0.212392,0.128265,0.0583905,0.0847207,0.156222,0.136378,0.11632,0.0657265,0,0,0,0,0,0,0,0,0,0,0,0,0,0,0,0,0,0,0,0,0,0,0,0,0,0,0,0,0,0,0,0,0,0,0,0,0,0,0,0,0,0,0,0,0,0,0,0,0,0,0,0,0,0,0,0,0,0,0,0,0,0,0,0,0,0,0,0,0,0,0,0,0,0,0,0,0,0,0,0,0,0,0,0,0,0,0,0,0,0,0,0,0,0,0,0,0,0,0,0,0,0,0,0,0,0,0,0,0,0,0,0,0,0,0,0,0,0,0,0,0,0,0,0,0,0,0,0,0,0,0,0,0,0,0,0,0,0,0,0,0,0,0,0,0,0,0,0,0,0,0,0,0,0,0,0,0,0,0,0,0,0,0,0,0,0,0,0,0,0,0,0,0,0
0.264303,0.713548,0.712665,0.530635,0.493349,0.332003,0.343986,0.227029,0.332379,0.474858,0.691632,0.615933,0.74224,0.559376,0.363096,0.42552,0.312775,0.274878,0.353877,0.478601,0.629794,0.546965,0.339765,0.683504,0.679381,0.436559,0.354148,0.369315,0.356541,0.23901,0.268155,0.796566,0.710824,0.497889,0.640162,20.058,1.66745,1.36394,0.367819,0.291034,0.223591,0.204898,0.158261,0.160062,0.155524,0.0457484,0.0421259,0.0716606,0.0911367,0.153066,0.212333,0.125689,0.0698955,0.095281,0.18473,0.139564,0.110732,0.0635859,0,0,0,0,0,0,0,0,0,0,0,0,0,0,0,0,0,0,0,0,0,0,0,0,0,0,0,0,0,0,0,0,0,0,0,0,0,0,0,0,0,0,0,0,0,0,0,0,0,0,0,0,0,0,0,0,0,0,0,0,0,0,0,0,0,0,0,0,0,0,0,0,0,0,0,0,0,0,0,0,0,0,0,0,0,0,0,0,0,0,0,0,0,0,0,0,0,0,0,0,0,0,0,0,0,0,0,0,0,0,0,0,0,0,0,0,0,0,0,0,0,0,0,0,0,0,0,0,0,0,0,0,0,0,0,0,0,0,0,0,0,0,0,0,0,0,0,0,0,0,0,0,0,0,0,0,0,0,0,0,0,0,0,0,0,0,0,0,0,0,0,0,0,0
0.277658,0.88575,0.743024,0.532384,0.481294,0.362741,0.399971,0.261581,0.35678,0.512979,0.651437,0.626609,0.795793,0.642836,0.385475,0.448592,0.358428,0.301619,0.40263,0.562825,0.782039,0.565447,0.40335,0.765393,0.772801,0.456102,0.367348,0.389174,0.367171,0.285818,0.295562,0.838875,0.734638,0.631591,0.778952,20.062,1.80256,1.83213,0.431888,0.313427,0.253643,0.239103,0.178044,0.18193,0.166459,0.046895,0.0437756,0.0767899,0.1032,0.176527,0.252775,0.142616,0.0772555,0.116719,0.208063,0.159037,0.111432,0.0732618,0,0,0,0,0,0,0,0,0,0,0,0,0,0,0,0,0,0,0,0,0,0,0,0,0,0,0,0,0,0,0,0,0,0,0,0,0,0,0,0,0,0,0,0,0,0,0,0,0,0,0,0,0,0,0,0,0,0,0,0,0,0,0,0,0,0,0,0,0,0,0,0,0,0,0,0,0,0,0,0,0,0,0,0,0,0,0,0,0,0,0,0,0,0,0,0,0,0,0,0,0,0,0,0,0,0,0,0,0,0,0,0,0,0,0,0,0,0,0,0,0,0,0,0,0,0,0,0,0,0,0,0,0,0,0,0,0,0,0,0,0,0,0,0,0,0,0,0,0,0,0,0,0,0,0,0,0,0,0,0,0,0,0,0,0,0,0,0,0,0,0,0,0,0
0.276194,0.833638,0.685538,0.508455,0.432429,0.373393,0.340224,0.267453,0.353231,0.511156,0.652213,0.618051,0.794047,0.646532,0.422347,0.376753,0.36606,0.285138,0.38823,0.508318,0.652446,0.52668,0.339099,0.644922,0.738626,0.429298,0.356274,0.378252,0.352157,0.271165,0.33495,0.93407,0.731986,0.643993,0.726445,20.0571,1.78202,2.01819,0.440011,0.334022,0.260427,0.258935,0.192796,0.203761,0.171376,0.0426448,0.042623,0.0729208,0.0986445,0.167276,0.211231,0.120057,0.0725848,0.0941639,0.163709,0.127105,0.110785,0.0619317,0,0,0,0,0,0,0,0,0,0,0,0,0,0,0,0,0,0,0,0,0,0,0,0,0,0,0,0,0,0,0,0,0,0,0,0,0,0,0,0,0,0,0,0,0,0,0,0,0,0,0,0,0,0,0,0,0,0,0,0,0,0,0,0,0,0,0,0,0,0,0,0,0,0,0,0,0,0,0,0,0,0,0,0,0,0,0,0,0,0,0,0,0,0,0,0,0,0,0,0,0,0,0,0,0,0,0,0,0,0,0,0,0,0,0,0,0,0,0,0,0,0,0,0,0,0,0,0,0,0,0,0,0,0,0,0,0,0,0,0,0,0,0,0,0,0,0,0,0,0,0,0,0,0,0,0,0,0,0,0,0,0,0,0,0,0,0,0,0,0,0,0,0,0
0.266062,0.74725,0.583932,0.467984,0.411538,0.376774,0.29438,0.283274,0.356984,0.470525,0.61088,0.615192,0.715784,0.648719,0.427411,0.39672,0.331043,0.286556,0.355649,0.454786,0.517544,0.476159,0.36638,0.632604,0.664017,0.403707,0.32681,0.379051,0.372238,0.227755,0.297457,0.887069,0.750106,0.595351,0.624321,20.0667,1.71444,1.53012,0.42641,0.326096,0.287461,0.30417,0.222943,0.231076,0.211393,0.0443453,0.0448772,0.074155,0.0982764,0.16834,0.192516,0.111404,0.0522948,0.0788146,0.147797,0.128598,0.101076,0.0594107,0,0,0,0,0,0,0,0,0,0,0,0,0,0,0,0,0,0,0,0,0,0,0,0,0,0,0,0,0,0,0,0,0,0,0,0,0,0,0,0,0,0,0,0,0,0,0,0,0,0,0,0,0,0,0,0,0,0,0,0,0,0,0,0,0,0,0,0,0,0,0,0,0,0,0,0,0,0,0,0,0,0,0,0,0,0,0,0,0,0,0,0,0,0,0,0,0,0,0,0,0,0,0,0,0,0,0,0,0,0,0,0,0,0,0,0,0,0,0,0,0,0,0,0,0,0,0,0,0,0,0,0,0,0,0,0,0,0,0,0,0,0,0,0,0,0,0,0,0,0,0,0,0,0,0,0,0,0,0,0,0,0,0,0,0,0,0,0,0,0,0,0,0,0
0.26063,0.542573,0.601655,0.485392,0.427159,0.359322,0.30326,0.253639,0.36491,0.533914,0.59714,0.600697,0.734895,0.571819,0.364821,0.322303,0.281298,0.246112,0.345856,0.441648,0.53834,0.515892,0.373443,0.595893,0.584678,0.366938,0.328267,0.355546,0.340799,0.191938,0.303731,0.833089,0.707354,0.518779,0.576257,20.0757,1.50782,1.06594,0.420451,0.330213,0.253827,0.287523,0.196919,0.197715,0.183953,0.036052,0.0380104,0.0625902,0.0856356,0.149045,0.179908,0.106784,0.0658637,0.0824459,0.147972,0.142572,0.105405,0.0685411,0,0,0,0,0,0,0,0,0,0,0,0,0,0,0,0,0,0,0,0,0,0,0,0,0,0,0,0,0,0,0,0,0,0,0,0,0,0,0,0,0,0,0,0,0,0,0,0,0,0,0,0,0,0,0,0,0,0,0,0,0,0,0,0,0,0,0,0,0,0,0,0,0,0,0,0,0,0,0,0,0,0,0,0,0,0,0,0,0,0,0,0,0,0,0,0,0,0,0,0,0,0,0,0,0,0,0,0,0,0,0,0,0,0,0,0,0,0,0,0,0,0,0,0,0,0,0,0,0,0,0,0,0,0,0,0,0,0,0,0,0,0,0,0,0,0,0,0,0,0,0,0,0,0,0,0,0,0,0,0,0,0,0,0,0,0,0,0,0,0,0,0,0,0
0.258761,0.595097,0.631911,0.498077,0.46965,0.436694,0.329408,0.220985,0.329708,0.568929,0.581072,0.640904,0.788215,0.651882,0.42299,0.401496,0.311391,0.275043,0.398334,0.523569,0.735692,0.645551,0.434117,0.753584,0.646259,0.433387,0.336098,0.364478,0.369081,0.189859,0.307844,0.815298,0.702244,0.512221,0.677454,20.0784,1.65299,1.2381,0.443156,0.369228,0.272736,0.308812,0.225987,0.218729,0.195425,0.0422522,0.0432775,0.0712756,0.092971,0.159536,0.203488,0.126176,0.0644517,0.0806467,0.164709,0.151468,0.101525,0.0732368,0,0,0,0,0,0,0,0,0,0,0,0,0,0,0,0,0,0,0,0,0,0,0,0,0,0,0,0,0,0,0,0,0,0,0,0,0,0,0,0,0,0,0,0,0,0,0,0,0,0,0,0,0,0,0,0,0,0,0,0,0,0,0,0,0,0,0,0,0,0,0,0,0,0,0,0,0,0,0,0,0,0,0,0,0,0,0,0,0,0,0,0,0,0,0,0,0,0,0,0,0,0,0,0,0,0,0,0,0,0,0,0,0,0,0,0,0,0,0,0,0,0,0,0,0,0,0,0,0,0,0,0,0,0,0,0,0,0,0,0,0,0,0,0,0,0,0,0,0,0,0,0,0,0,0,0,0,0,0,0,0,0,0,0,0,0,0,0,0,0,0,0,0,0
0.267789,0.667515,0.578363,0.455107,0.414193,0.376257,0.319351,0.20391,0.295364,0.453125,0.590901,0.671986,0.781549,0.618419,0.40202,0.319309,0.306043,0.273124,0.393095,0.523251,0.772778,0.636804,0.379873,0.645881,0.635058,0.431207,0.313992,0.350083,0.345444,0.176788,0.29994,0.692052,0.594491,0.494862,0.672927,20.077,1.72035,1.1628,0.44074,0.364972,0.305297,0.337617,0.234797,0.244041,0.232299,0.0401556,0.0427354,0.0699837,0.0896235,0.152864,0.192244,0.113439,0.0528216,0.0661744,0.130058,0.123058,0.0782488,0.0556392,0,0,0,0,0,0,0,0,0,0,0,0,0,0,0,0,0,0,0,0,0,0,0,0,0,0,0,0,0,0,0,0,0,0,0,0,0,0,0,0,0,0,0,0,0,0,0,0,0,0,0,0,0,0,0,0,0,0,0,0,0,0,0,0,0,0,0,0,0,0,0,0,0,0,0,0,0,0,0,0,0,0,0,0,0,0,0,0,0,0,0,0,0,0,0,0,0,0,0,0,0,0,0,0,0,0,0,0,0,0,0,0,0,0,0,0,0,0,0,0,0,0,0,0,0,0,0,0,0,0,0,0,0,0,0,0,0,0,0,0,0,0,0,0,0,0,0,0,0,0,0,0,0,0,0,0,0,0,0,0,0,0,0,0,0,0,0,0,0,0,0,0,0,0
0.261101,0.609922,0.539277,0.428859,0.418398,0.370401,0.311056,0.184092,0.30626,0.498389,0.553036,0.562234,0.656472,0.609847,0.357499,0.347467,0.279349,0.260816,0.362382,0.482348,0.577663,0.541885,0.400733,0.794285,0.750099,0.37638,0.314236,0.330303,0.325569,0.177692,0.303667,0.739864,0.595886,0.524315,0.657676,20.0671,1.68309,1.18625,0.406423,0.347013,0.295769,0.337446,0.246789,0.254789,0.242429,0.0419662,0.042678,0.0742487,0.0953499,0.172025,0.22318,0.148941,0.06405,0.078802,0.154827,0.162364,0.0996463,0.0603915,0,0,0,0,0,0,0,0,0,0,0,0,0,0,0,0,0,0,0,0,0,0,0,0,0,0,0,0,0,0,0,0,0,0,0,0,0,0,0,0,0,0,0,0,0,0,0,0,0,0,0,0,0,0,0,0,0,0,0,0,0,0,0,0,0,0,0,0,0,0,0,0,0,0,0,0,0,0,0,0,0,0,0,0,0,0,0,0,0,0,0,0,0,0,0,0,0,0,0,0,0,0,0,0,0,0,0,0,0,0,0,0,0,0,0,0,0,0,0,0,0,0,0,0,0,0,0,0,0,0,0,0,0,0,0,0,0,0,0,0,0,0,0,0,0,0,0,0,0,0,0,0,0,0,0,0,0,0,0,0,0,0,0,0,0,0,0,0,0,0,0,0,0,0
0.252543,0.644809,0.558574,0.424735,0.380799,0.350981,0.281084,0.191305,0.267565,0.432646,0.510191,0.448713,0.505332,0.530688,0.34447,0.339988,0.239162,0.264471,0.419269,0.500544,0.620831,0.57559,0.357027,0.879615,0.694833,0.365681,0.306657,0.299826,0.304572,0.192689,0.267301,0.628552,0.544848,0.476608,0.74901,20.0744,1.88625,1.345,0.474556,0.335226,0.301047,0.371373,0.276565,0.267678,0.251667,0.043332,0.040468,0.0705086,0.0872247,0.156531,0.198269,0.1333,0.0486728,0.061673,0.110646,0.112761,0.0797379,0.0586428,0,0,0,0,0,0,0,0,0,0,0,0,0,0,0,0,0,0,0,0,0,0,0,0,0,0,0,0,0,0,0,0,0,0,0,0,0,0,0,0,0,0,0,0,0,0,0,0,0,0,0,0,0,0,0,0,0,0,0,0,0,0,0,0,0,0,0,0,0,0,0,0,0,0,0,0,0,0,0,0,0,0,0,0,0,0,0,0,0,0,0,0,0,0,0,0,0,0,0,0,0,0,0,0,0,0,0,0,0,0,0,0,0,0,0,0,0,0,0,0,0,0,0,0,0,0,0,0,0,0,0,0,0,0,0,0,0,0,0,0,0,0,0,0,0,0,0,0,0,0,0,0,0,0,0,0,0,0,0,0,0,0,0,0,0,0,0,0,0,0,0,0,0,0
0.244043,0.611788,0.595544,0.427556,0.372112,0.369987,0.343402,0.222894,0.271824,0.400064,0.53905,0.468775,0.599198,0.491953,0.285119,0.359698,0.256109,0.26563,0.396463,0.470555,0.525786,0.472115,0.297948,0.797884,0.693171,0.428022,0.326664,0.336689,0.332077,0.172414,0.275427,0.660111,0.537245,0.479376,0.689748,20.0724,1.80987,1.37032,0.422726,0.341601,0.310862,0.359141,0.277018,0.279013,0.283842,0.0442178,0.0410825,0.0730092,0.0877294,0.164269,0.208925,0.136753,0.0456814,0.0691421,0.105412,0.107284,0.0816213,0.0528144,0,0,0,0,0,0,0,0,0,0,0,0,0,0,0,0,0,0,0,0,0,0,0,0,0,0,0,0,0,0,0,0,0,0,0,0,0,0,0,0,0,0,0,0,0,0,0,0,0,0,0,0,0,0,0,0,0,0,0,0,0,0,0,0,0,0,0,0,0,0,0,0,0,0,0,0,0,0,0,0,0,0,0,0,0,0,0,0,0,0,0,0,0,0,0,0,0,0,0,0,0,0,0,0,0,0,0,0,0,0,0,0,0,0,0,0,0,0,0,0,0,0,0,0,0,0,0,0,0,0,0,0,0,0,0,0,0,0,0,0,0,0,0,0,0,0,0,0,0,0,0,0,0,0,0,0,0,0,0,0,0,0,0,0,0,0,0,0,0,0,0,0,0,0
0.239175,0.586071,0.620245,0.45862,0.36596,0.322162,0.368372,0.240152,0.284407,0.483986,0.577098,0.455091,0.567254,0.442792,0.272756,0.342617,0.230206,0.247274,0.361522,0.417611,0.525757,0.492655,0.273642,0.706214,0.698857,0.456596,0.305866,0.313047,0.331822,0.173911,0.268072,0.650501,0.560785,0.492129,0.70876,20.0721,1.95134,1.65018,0.4758,0.355011,0.284583,0.332313,0.260145,0.255608,0.253895,0.0455538,0.0420273,0.0732636,0.0884579,0.163342,0.20892,0.135148,0.0478445,0.0700458,0.10945,0.105783,0.0813844,0.0526694,0,0,0,0,0,0,0,0,0,0,0,0,0,0,0,0,0,0,0,0,0,0,0,0,0,0,0,0,0,0,0,0,0,0,0,0,0,0,0,0,0,0,0,0,0,0,0,0,0,0,0,0,0,0,0,0,0,0,0,0,0,0,0,0,0,0,0,0,0,0,0,0,0,0,0,0,0,0,0,0,0,0,0,0,0,0,0,0,0,0,0,0,0,0,0,0,0,0,0,0,0,0,0,0,0,0,0,0,0,0,0,0,0,0,0,0,0,0,0,0,0,0,0,0,0,0,0,0,0,0,0,0,0,0,0,0,0,0,0,0,0,0,0,0,0,0,0,0,0,0,0,0,0,0,0,0,0,0,0,0,0,0,0,0,0,0,0,0,0,0,0,0,0,0
0.230928,0.569943,0.607393,0.43959,0.351474,0.311672,0.313816,0.262969,0.292157,0.466609,0.56172,0.463027,0.571452,0.5089,0.322855,0.348815,0.2462,0.252842,0.35545,0.41764,0.526782,0.567238,0.33368,0.736666,0.668386,0.424469,0.308901,0.299057,0.324269,0.172488,0.258935,0.663054,0.562722,0.469299,0.578981,20.0814,1.96139,1.70249,0.439316,0.364474,0.30193,0.342521,0.262825,0.253538,0.248426,0.0453988,0.041714,0.0674292,0.0836659,0.153277,0.183806,0.124469,0.0468517,0.067883,0.110624,0.107824,0.0880333,0.0533428,0,0,0,0,0,0,0,0,0,0,0,0,0,0,0,0,0,0,0,0,0,0,0,0,0,0,0,0,0,0,0,0,0,0,0,0,0,0,0,0,0,0,0,0,0,0,0,0,0,0,0,0,0,0,0,0,0,0,0,0,0,0,0,0,0,0,0,0,0,0,0,0,0,0,0,0,0,0,0,0,0,0,0,0,0,0,0,0,0,0,0,0,0,0,0,0,0,0,0,0,0,0,0,0,0,0,0,0,0,0,0,0,0,0,0,0,0,0,0,0,0,0,0,0,0,0,0,0,0,0,0,0,0,0,0,0,0,0,0,0,0,0,0,0,0,0,0,0,0,0,0,0,0,0,0,0,0,0,0,0,0,0,0,0,0,0,0,0,0,0,0,0,0,0
0.23055,0.528976,0.630494,0.438484,0.390749,0.325946,0.326945,0.278209,0.283002,0.458185,0.548516,0.486254,0.627624,0.503894,0.324318,0.346306,0.25258,0.250335,0.363997,0.437442,0.632745,0.604354,0.338211,0.667839,0.6292,0.428159,0.302864,0.293416,0.31785,0.191945,0.259754,0.614021,0.588123,0.576989,0.673018,20.0758,1.91481,1.52875,0.442745,0.389055,0.333645,0.347061,0.250718,0.229987,0.224726,0.0463673,0.0412626,0.0691839,0.0862491,0.154246,0.181033,0.116148,0.0429755,0.0660863,0.104739,0.105836,0.0722813,0.0542469,0,0,0,0,0,0,0,0,0,0,0,0,0,0,0,0,0,0,0,0,0,0,0,0,0,0,0,0,0,0,0,0,0,0,0,0,0,0,0,0,0,0,0,0,0,0,0,0,0,0,0,0,0,0,0,0,0,0,0,0,0,0,0,0,0,0,0,0,0,0,0,0,0,0,0,0,0,0,0,0,0,0,0,0,0,0,0,0,0,0,0,0,0,0,0,0,0,0,0,0,0,0,0,0,0,0,0,0,0,0,0,0,0,0,0,0,0,0,0,0,0,0,0,0,0,0,0,0,0,0,0,0,0,0,0,0,0,0,0,0,0,0,0,0,0,0,0,0,0,0,0,0,0,0,0,0,0,0,0,0,0,0,0,0,0,0,0,0,0,0,0,0,0,0
0.224511,0.541537,0.664685,0.428709,0.429489,0.317799,0.276419,0.285506,0.301687,0.454496,0.501644,0.500559,0.601999,0.453032,0.285018,0.350943,0.243439,0.220469,0.351573,0.423316,0.532465,0.537189,0.313086,0.699567,0.580305,0.349232,0.287802,0.30267,0.323245,0.213346,0.244493,0.619878,0.555323,0.503944,0.643766,20.0771,1.80274,1.31337,0.353865,0.342299,0.288999,0.33295,0.269785,0.247234,0.24512,0.0517414,0.0460563,0.0785828,0.100277,0.173848,0.210703,0.145012,0.0525606,0.0671529,0.105438,0.109241,0.0638955,0.0528687,0,0,0,0,0,0,0,0,0,0,0,0,0,0,0,0,0,0,0,0,0,0,0,0,0,0,0,0,0,0,0,0,0,0,0,0,0,0,0,0,0,0,0,0,0,0,0,0,0,0,0,0,0,0,0,0,0,0,0,0,0,0,0,0,0,0,0,0,0,0,0,0,0,0,0,0,0,0,0,0,0,0,0,0,0,0,0,0,0,0,0,0,0,0,0,0,0,0,0,0,0,0,0,0,0,0,0,0,0,0,0,0,0,0,0,0,0,0,0,0,0,0,0,0,0,0,0,0,0,0,0,0,0,0,0,0,0,0,0,0,0,0,0,0,0,0,0,0,0,0,0,0,0,0,0,0,0,0,0,0,0,0,0,0,0,0,0,0,0,0,0,0,0,0
0.225545,0.528824,0.634254,0.432784,0.448031,0.340679,0.338055,0.308097,0.350734,0.477342,0.562838,0.532092,0.626195,0.450195,0.25708,0.343803,0.230861,0.223981,0.33371,0.3951,0.415466,0.414212,0.297639,0.709328,0.563756,0.324906,0.274468,0.283413,0.310792,0.19969,0.245136,0.61665,0.530838,0.451584,0.598132,20.0736,1.58854,1.33792,0.40123,0.368543,0.304987,0.323718,0.265742,0.239757,0.276421,0.0514228,0.0450386,0.0751915,0.100013,0.172457,0.204411,0.136417,0.0542006,0.0701178,0.11253,0.113645,0.0764544,0.0621717,0,0,0,0,0,0,0,0,0,0,0,0,0,0,0,0,0,0,0,0,0,0,0,0,0,0,0,0,0,0,0,0,0,0,0,0,0,0,0,0,0,0,0,0,0,0,0,0,0,0,0,0,0,0,0,0,0,0,0,0,0,0,0,0,0,0,0,0,0,0,0,0,0,0,0,0,0,0,0,0,0,0,0,0,0,0,0,0,0,0,0,0,0,0,0,0,0,0,0,0,0,0,0,0,0,0,0,0,0,0,0,0,0,0,0,0,0,0,0,0,0,0,0,0,0,0,0,0,0,0,0,0,0,0,0,0,0,0,0,0,0,0,0,0,0,0,0,0,0,0,0,0,0,0,0,0,0,0,0,0,0,0,0,0,0,0,0,0,0,0,0,0,0,0
0.237649,0.574887,0.585539,0.439311,0.478063,0.350844,0.34296,0.385319,0.376618,0.527926,0.626276,0.556165,0.558147,0.428091,0.243075,0.307205,0.265744,0.226845,0.334404,0.41787,0.390746,0.416529,0.256608,0.672244,0.491556,0.299125,0.26886,0.297056,0.31629,0.20186,0.312287,0.702994,0.531548,0.398391,0.531087,20.0801,1.76133,1.33659,0.417297,0.343342,0.296405,0.312075,0.265888,0.229503,0.267687,0.0451293,0.0400803,0.0694425,0.0916118,0.175753,0.209988,0.13558,0.0776257,0.0954452,0.148494,0.154884,0.0882254,0.0655743,0,0,0,0,0,0,0,0,0,0,0,0,0,0,0,0,0,0,0,0,0,0,0,0,0,0,0,0,0,0,0,0,0,0,0,0,0,0,0,0,0,0,0,0,0,0,0,0,0,0,0,0,0,0,0,0,0,0,0,0,0,0,0,0,0,0,0,0,0,0,0,0,0,0,0,0,0,0,0,0,0,0,0,0,0,0,0,0,0,0,0,0,0,0,0,0,0,0,0,0,0,0,0,0,0,0,0,0,0,0,0,0,0,0,0,0,0,0,0,0,0,0,0,0,0,0,0,0,0,0,0,0,0,0,0,0,0,0,0,0,0,0,0,0,0,0,0,0,0,0,0,0,0,0,0,0,0,0,0,0,0,0,0,0,0,0,0,0,0,0,0,0,0,0
0.230651,0.600477,0.630274,0.471236,0.536153,0.394834,0.430116,0.391855,0.420829,0.564248,0.634756,0.611451,0.702257,0.54935,0.295415,0.355294,0.306298,0.273805,0.399276,0.517119,0.50926,0.517503,0.307116,0.571544,0.553993,0.399805,0.299911,0.335828,0.372301,0.229758,0.311165,0.64609,0.616912,0.478775,0.531155,20.0704,1.78973,1.82584,0.541309,0.408005,0.311782,0.351174,0.275632,0.232704,0.26719,0.0452574,0.0416694,0.071368,0.0950468,0.189055,0.229111,0.142536,0.0791501,0.102622,0.173642,0.158479,0.0960831,0.0732593,0,0,0,0,0,0,0,0,0,0,0,0,0,0,0,0,0,0,0,0,0,0,0,0,0,0,0,0,0,0,0,0,0,0,0,0,0,0,0,0,0,0,0,0,0,0,0,0,0,0,0,0,0,0,0,0,0,0,0,0,0,0,0,0,0,0,0,0,0,0,0,0,0,0,0,0,0,0,0,0,0,0,0,0,0,0,0,0,0,0,0,0,0,0,0,0,0,0,0,0,0,0,0,0,0,0,0,0,0,0,0,0,0,0,0,0,0,0,0,0,0,0,0,0,0,0,0,0,0,0,0,0,0,0,0,0,0,0,0,0,0,0,0,0,0,0,0,0,0,0,0,0,0,0,0,0,0,0,0,0,0,0,0,0,0,0,0,0,0,0,0,0,0,0
0.222224,0.679731,0.789896,0.591451,0.559604,0.373242,0.435441,0.447372,0.433082,0.580605,0.641333,0.562944,0.641725,0.571795,0.340722,0.369742,0.269044,0.281745,0.386858,0.494775,0.584708,0.568542,0.33479,0.639212,0.641242,0.425697,0.327025,0.350529,0.367347,0.23835,0.370892,0.73827,0.646189,0.478545,0.652185,20.0531,1.91608,2.01988,0.559457,0.448029,0.298278,0.341093,0.285957,0.264775,0.311991,0.0465246,0.0445477,0.0777351,0.10318,0.209802,0.243955,0.157359,0.0901169,0.126683,0.202336,0.171162,0.107671,0.0864941,0,0,0,0,0,0,0,0,0,0,0,0,0,0,0,0,0,0,0,0,0,0,0,0,0,0,0,0,0,0,0,0,0,0,0,0,0,0,0,0,0,0,0,0,0,0,0,0,0,0,0,0,0,0,0,0,0,0,0,0,0,0,0,0,0,0,0,0,0,0,0,0,0,0,0,0,0,0,0,0,0,0,0,0,0,0,0,0,0,0,0,0,0,0,0,0,0,0,0,0,0,0,0,0,0,0,0,0,0,0,0,0,0,0,0,0,0,0,0,0,0,0,0,0,0,0,0,0,0,0,0,0,0,0,0,0,0,0,0,0,0,0,0,0,0,0,0,0,0,0,0,0,0,0,0,0,0,0,0,0,0,0,0,0,0,0,0,0,0,0,0,0,0,0
0.222698,0.605678,0.713167,0.572006,0.547576,0.346318,0.379765,0.34601,0.42931,0.599499,0.670363,0.543372,0.588148,0.513623,0.307012,0.361999,0.275113,0.256633,0.350423,0.463757,0.563533,0.499466,0.329895,0.61618,0.631303,0.411457,0.347955,0.369416,0.364387,0.237698,0.35581,0.730905,0.572145,0.484171,0.618215,20.0465,1.83213,1.581,0.518265,0.389535,0.265507,0.315265,0.275471,0.262014,0.322999,0.0503201,0.0484445,0.0837029,0.112067,0.22402,0.295902,0.18802,0.0898431,0.130467,0.205415,0.178683,0.108379,0.0905039,0,0,0,0,0,0,0,0,0,0,0,0,0,0,0,0,0,0,0,0,0,0,0,0,0,0,0,0,0,0,0,0,0,0,0,0,0,0,0,0,0,0,0,0,0,0,0,0,0,0,0,0,0,0,0,0,0,0,0,0,0,0,0,0,0,0,0,0,0,0,0,0,0,0,0,0,0,0,0,0,0,0,0,0,0,0,0,0,0,0,0,0,0,0,0,0,0,0,0,0,0,0,0,0,0,0,0,0,0,0,0,0,0,0,0,0,0,0,0,0,0,0,0,0,0,0,0,0,0,0,0,0,0,0,0,0,0,0,0,0,0,0,0,0,0,0,0,0,0,0,0,0,0,0,0,0,0,0,0,0,0,0,0,0,0,0,0,0,0,0,0,0,0,0
0.220011,0.667956,0.684813,0.601402,0.540774,0.31514,0.355226,0.332112,0.39916,0.539714,0.63063,0.527732,0.586221,0.499638,0.290348,0.300333,0.214294,0.232147,0.35788,0.50503,0.506236,0.495282,0.323518,0.742739,0.688373,0.438246,0.332242,0.378094,0.396363,0.240686,0.317203,0.634317,0.505804,0.431225,0.619449,20.0572,1.76193,1.77542,0.473636,0.328677,0.263098,0.320402,0.289347,0.275283,0.316077,0.0498581,0.0496378,0.0800396,0.104725,0.204497,0.250373,0.155014,0.0685853,0.102576,0.18215,0.162107,0.10754,0.0882573,0,0,0,0,0,0,0,0,0,0,0,0,0,0,0,0,0,0,0,0,0,0,0,0,0,0,0,0,0,0,0,0,0,0,0,0,0,0,0,0,0,0,0,0,0,0,0,0,0,0,0,0,0,0,0,0,0,0,0,0,0,0,0,0,0,0,0,0,0,0,0,0,0,0,0,0,0,0,0,0,0,0,0,0,0,0,0,0,0,0,0,0,0,0,0,0,0,0,0,0,0,0,0,0,0,0,0,0,0,0,0,0,0,0,0,0,0,0,0,0,0,0,0,0,0,0,0,0,0,0,0,0,0,0,0,0,0,0,0,0,0,0,0,0,0,0,0,0,0,0,0,0,0,0,0,0,0,0,0,0,0,0,0,0,0,0,0,0,0,0,0,0,0,0
0.222196,0.748678,0.695668,0.623476,0.582093,0.367553,0.35327,0.308391,0.459555,0.661147,0.709024,0.56222,0.64165,0.533999,0.295101,0.287107,0.246361,0.222108,0.33013,0.486488,0.584638,0.520846,0.40667,0.839617,0.796058,0.514788,0.334274,0.378895,0.371244,0.253207,0.30533,0.674116,0.578487,0.526518,0.755382,20.0504,1.84305,2.01389,0.553551,0.360539,0.314834,0.382875,0.334262,0.312883,0.340571,0.0521695,0.0535677,0.0848823,0.109017,0.204518,0.253249,0.150716,0.0634753,0.100083,0.17785,0.162147,0.0955667,0.0749775,0,0,0,0,0,0,0,0,0,0,0,0,0,0,0,0,0,0,0,0,0,0,0,0,0,0,0,0,0,0,0,0,0,0,0,0,0,0,0,0,0,0,0,0,0,0,0,0,0,0,0,0,0,0,0,0,0,0,0,0,0,0,0,0,0,0,0,0,0,0,0,0,0,0,0,0,0,0,0,0,0,0,0,0,0,0,0,0,0,0,0,0,0,0,0,0,0,0,0,0,0,0,0,0,0,0,0,0,0,0,0,0,0,0,0,0,0,0,0,0,0,0,0,0,0,0,0,0,0,0,0,0,0,0,0,0,0,0,0,0,0,0,0,0,0,0,0,0,0,0,0,0,0,0,0,0,0,0,0,0,0,0,0,0,0,0,0,0,0,0,0,0,0,0
0.221713,0.715299,0.707178,0.596288,0.547532,0.328184,0.41353,0.225095,0.415961,0.625491,0.703088,0.553997,0.565073,0.459655,0.253142,0.287122,0.253504,0.24384,0.346246,0.470218,0.527047,0.572756,0.488939,0.940022,0.707526,0.511969,0.362992,0.380668,0.384218,0.290483,0.293675,0.610183,0.608477,0.476641,0.717096,20.0504,1.65164,1.67863,0.626702,0.359778,0.300127,0.384544,0.316788,0.309483,0.361755,0.0512122,0.0534693,0.0882246,0.110108,0.212096,0.261038,0.162724,0.0825897,0.117322,0.201908,0.187683,0.120185,0.0944019,0,0,0,0,0,0,0,0,0,0,0,0,0,0,0,0,0,0,0,0,0,0,0,0,0,0,0,0,0,0,0,0,0,0,0,0,0,0,0,0,0,0,0,0,0,0,0,0,0,0,0,0,0,0,0,0,0,0,0,0,0,0,0,0,0,0,0,0,0,0,0,0,0,0,0,0,0,0,0,0,0,0,0,0,0,0,0,0,0,0,0,0,0,0,0,0,0,0,0,0,0,0,0,0,0,0,0,0,0,0,0,0,0,0,0,0,0,0,0,0,0,0,0,0,0,0,0,0,0,0,0,0,0,0,0,0,0,0,0,0,0,0,0,0,0,0,0,0,0,0,0,0,0,0,0,0,0,0,0,0,0,0,0,0,0,0,0,0,0,0,0,0,0,0
0.222281,0.681209,0.70305,0.546532,0.48927,0.296727,0.365602,0.245925,0.398008,0.625391,0.727092,0.601082,0.696761,0.549378,0.307946,0.288486,0.260621,0.253232,0.352196,0.45826,0.526259,0.542025,0.501642,0.957827,0.776545,0.548425,0.357868,0.37919,0.396815,0.298119,0.283455,0.608153,0.6113,0.521548,0.738128,20.0506,1.83003,1.58852,0.564175,0.378338,0.282617,0.367721,0.33166,0.332244,0.38506,0.0536915,0.0541267,0.0874783,0.115531,0.21971,0.294345,0.175928,0.076404,0.118212,0.216514,0.188158,0.123183,0.0956015,0,0,0,0,0,0,0,0,0,0,0,0,0,0,0,0,0,0,0,0,0,0,0,0,0,0,0,0,0,0,0,0,0,0,0,0,0,0,0,0,0,0,0,0,0,0,0,0,0,0,0,0,0,0,0,0,0,0,0,0,0,0,0,0,0,0,0,0,0,0,0,0,0,0,0,0,0,0,0,0,0,0,0,0,0,0,0,0,0,0,0,0,0,0,0,0,0,0,0,0,0,0,0,0,0,0,0,0,0,0,0,0,0,0,0,0,0,0,0,0,0,0,0,0,0,0,0,0,0,0,0,0,0,0,0,0,0,0,0,0,0,0,0,0,0,0,0,0,0,0,0,0,0,0,0,0,0,0,0,0,0,0,0,0,0,0,0,0,0,0,0,0,0,0
0.21781,0.629623,0.729898,0.546411,0.492474,0.263482,0.320673,0.224457,0.389016,0.627383,0.736255,0.602577,0.655214,0.515208,0.316708,0.257102,0.233256,0.233663,0.348034,0.46828,0.562874,0.53581,0.42269,0.925335,0.728462,0.508697,0.352204,0.361208,0.400038,0.318775,0.248802,0.631605,0.634515,0.555382,0.726327,20.042,1.76082,1.48764,0.569885,0.35177,0.345578,0.432776,0.364772,0.350324,0.397625,0.0564781,0.0541737,0.0870176,0.116302,0.231725,0.300426,0.173763,0.0842001,0.127225,0.233227,0.202032,0.117631,0.0856751,0,0,0,0,0,0,0,0,0,0,0,0,0,0,0,0,0,0,0,0,0,0,0,0,0,0,0,0,0,0,0,0,0,0,0,0,0,0,0,0,0,0,0,0,0,0,0,0,0,0,0,0,0,0,0,0,0,0,0,0,0,0,0,0,0,0,0,0,0,0,0,0,0,0,0,0,0,0,0,0,0,0,0,0,0,0,0,0,0,0,0,0,0,0,0,0,0,0,0,0,0,0,0,0,0,0,0,0,0,0,0,0,0,0,0,0,0,0,0,0,0,0,0,0,0,0,0,0,0,0,0,0,0,0,0,0,0,0,0,0,0,0,0,0,0,0,0,0,0,0,0,0,0,0,0,0,0,0,0,0,0,0,0,0,0,0,0,0,0,0,0,0,0,0
0.216229,0.654308,0.659543,0.487402,0.430204,0.244811,0.2974,0.208604,0.385852,0.585537,0.73795,0.608358,0.635304,0.494566,0.318391,0.239258,0.228202,0.236527,0.366599,0.516142,0.607049,0.576867,0.45073,0.792899,0.719634,0.526986,0.356912,0.349491,0.351963,0.272346,0.251288,0.652199,0.609656,0.502182,0.619015,20.0332,1.7672,1.30119,0.536106,0.36756,0.324271,0.40984,0.349471,0.338475,0.381491,0.0539151,0.0500995,0.0769468,0.103573,0.198111,0.24473,0.137281,0.0733787,0.105671,0.193417,0.166279,0.103985,0.0774695,0,0,0,0,0,0,0,0,0,0,0,0,0,0,0,0,0,0,0,0,0,0,0,0,0,0,0,0,0,0,0,0,0,0,0,0,0,0,0,0,0,0,0,0,0,0,0,0,0,0,0,0,0,0,0,0,0,0,0,0,0,0,0,0,0,0,0,0,0,0,0,0,0,0,0,0,0,0,0,0,0,0,0,0,0,0,0,0,0,0,0,0,0,0,0,0,0,0,0,0,0,0,0,0,0,0,0,0,0,0,0,0,0,0,0,0,0,0,0,0,0,0,0,0,0,0,0,0,0,0,0,0,0,0,0,0,0,0,0,0,0,0,0,0,0,0,0,0,0,0,0,0,0,0,0,0,0,0,0,0,0,0,0,0,0,0,0,0,0,0,0,0,0,0
0.21247,0.6725,0.697808,0.464324,0.400195,0.230733,0.309836,0.210439,0.40626,0.631666,0.734087,0.580003,0.636089,0.494178,0.301727,0.27205,0.252866,0.234379,0.380929,0.570283,0.666393,0.579648,0.367173,0.776805,0.781936,0.608708,0.356233,0.338017,0.340864,0.287097,0.272492,0.743281,0.663081,0.50032,0.605356,20.0477,1.74627,1.48489,0.53451,0.416526,0.346417,0.390733,0.331262,0.320175,0.349205,0.0567884,0.0522664,0.0802757,0.103954,0.197804,0.242407,0.130447,0.0703156,0.0885786,0.151894,0.146994,0.13036,0.0890177,0,0,0,0,0,0,0,0,0,0,0,0,0,0,0,0,0,0,0,0,0,0,0,0,0,0,0,0,0,0,0,0,0,0,0,0,0,0,0,0,0,0,0,0,0,0,0,0,0,0,0,0,0,0,0,0,0,0,0,0,0,0,0,0,0,0,0,0,0,0,0,0,0,0,0,0,0,0,0,0,0,0,0,0,0,0,0,0,0,0,0,0,0,0,0,0,0,0,0,0,0,0,0,0,0,0,0,0,0,0,0,0,0,0,0,0,0,0,0,0,0,0,0,0,0,0,0,0,0,0,0,0,0,0,0,0,0,0,0,0,0,0,0,0,0,0,0,0,0,0,0,0,0,0,0,0,0,0,0,0,0,0,0,0,0,0,0,0,0,0,0,0,0,0
0.21696,0.613073,0.687403,0.443704,0.380114,0.222382,0.293347,0.234574,0.378811,0.681117,0.773121,0.577375,0.6402,0.470317,0.29016,0.286781,0.232911,0.238175,0.357256,0.513308,0.528525,0.585075,0.380827,0.731449,0.654864,0.50603,0.345683,0.365633,0.353879,0.275062,0.27895,0.771258,0.633394,0.435208,0.558445,20.0512,1.83817,1.46966,0.559182,0.425175,0.355416,0.378621,0.328594,0.307583,0.361399,0.0631257,0.0539189,0.0856756,0.110662,0.217008,0.274031,0.147968,0.0690638,0.0938165,0.165308,0.156255,0.14161,0.0977912,0,0,0,0,0,0,0,0,0,0,0,0,0,0,0,0,0,0,0,0,0,0,0,0,0,0,0,0,0,0,0,0,0,0,0,0,0,0,0,0,0,0,0,0,0,0,0,0,0,0,0,0,0,0,0,0,0,0,0,0,0,0,0,0,0,0,0,0,0,0,0,0,0,0,0,0,0,0,0,0,0,0,0,0,0,0,0,0,0,0,0,0,0,0,0,0,0,0,0,0,0,0,0,0,0,0,0,0,0,0,0,0,0,0,0,0,0,0,0,0,0,0,0,0,0,0,0,0,0,0,0,0,0,0,0,0,0,0,0,0,0,0,0,0,0,0,0,0,0,0,0,0,0,0,0,0,0,0,0,0,0,0,0,0,0,0,0,0,0,0,0,0,0,0
0.221864,0.574347,0.63718,0.426458,0.354406,0.194777,0.311864,0.200435,0.334665,0.725855,0.735548,0.52521,0.561248,0.425104,0.252503,0.237878,0.214283,0.227292,0.356675,0.515162,0.516703,0.487243,0.352172,0.776626,0.646435,0.432437,0.33061,0.354769,0.352211,0.279871,0.242147,0.686644,0.561856,0.436264,0.577579,20.053,1.56621,1.04047,0.446728,0.365068,0.332133,0.345898,0.285635,0.26065,0.285513,0.0543447,0.048637,0.0811689,0.101656,0.193055,0.225454,0.122152,0.0768193,0.096488,0.160618,0.133266,0.0964565,0.0830635,0,0,0,0,0,0,0,0,0,0,0,0,0,0,0,0,0,0,0,0,0,0,0,0,0,0,0,0,0,0,0,0,0,0,0,0,0,0,0,0,0,0,0,0,0,0,0,0,0,0,0,0,0,0,0,0,0,0,0,0,0,0,0,0,0,0,0,0,0,0,0,0,0,0,0,0,0,0,0,0,0,0,0,0,0,0,0,0,0,0,0,0,0,0,0,0,0,0,0,0,0,0,0,0,0,0,0,0,0,0,0,0,0,0,0,0,0,0,0,0,0,0,0,0,0,0,0,0,0,0,0,0,0,0,0,0,0,0,0,0,0,0,0,0,0,0,0,0,0,0,0,0,0,0,0,0,0,0,0,0,0,0,0,0,0,0,0,0,0,0,0,0,0,0
0.216443,0.636067,0.769463,0.486224,0.370609,0.251819,0.395991,0.233574,0.383045,0.817166,0.788351,0.585072,0.592341,0.470688,0.273441,0.210066,0.225559,0.213531,0.345529,0.506163,0.592423,0.557638,0.370196,0.75684,0.672601,0.444314,0.394933,0.396454,0.377025,0.315393,0.252168,0.686606,0.661657,0.468298,0.610875,20.0634,1.67841,1.35602,0.519581,0.386488,0.320856,0.341863,0.297533,0.274084,0.310434,0.0613601,0.0545852,0.0959937,0.121504,0.223403,0.268473,0.162353,0.0771529,0.105068,0.183322,0.150128,0.095776,0.0893148,0,0,0,0,0,0,0,0,0,0,0,0,0,0,0,0,0,0,0,0,0,0,0,0,0,0,0,0,0,0,0,0,0,0,0,0,0,0,0,0,0,0,0,0,0,0,0,0,0,0,0,0,0,0,0,0,0,0,0,0,0,0,0,0,0,0,0,0,0,0,0,0,0,0,0,0,0,0,0,0,0,0,0,0,0,0,0,0,0,0,0,0,0,0,0,0,0,0,0,0,0,0,0,0,0,0,0,0,0,0,0,0,0,0,0,0,0,0,0,0,0,0,0,0,0,0,0,0,0,0,0,0,0,0,0,0,0,0,0,0,0,0,0,0,0,0,0,0,0,0,0,0,0,0,0,0,0,0,0,0,0,0,0,0,0,0,0,0,0,0,0,0,0,0
0.222884,0.566298,0.655536,0.528848,0.397196,0.24482,0.315038,0.2061,0.388575,0.716851,0.777406,0.596989,0.666656,0.505282,0.298815,0.208181,0.253971,0.233848,0.352111,0.529217,0.651521,0.526331,0.41484,0.684736,0.70619,0.45875,0.387342,0.391722,0.38179,0.295933,0.236914,0.632324,0.611425,0.490325,0.70594,20.0569,1.81354,1.31137,0.534074,0.41036,0.327229,0.347263,0.290901,0.26439,0.2964,0.0657512,0.0566126,0.102213,0.130447,0.247384,0.281174,0.191739,0.080808,0.109575,0.188515,0.154303,0.0996036,0.0820034,0,0,0,0,0,0,0,0,0,0,0,0,0,0,0,0,0,0,0,0,0,0,0,0,0,0,0,0,0,0,0,0,0,0,0,0,0,0,0,0,0,0,0,0,0,0,0,0,0,0,0,0,0,0,0,0,0,0,0,0,0,0,0,0,0,0,0,0,0,0,0,0,0,0,0,0,0,0,0,0,0,0,0,0,0,0,0,0,0,0,0,0,0,0,0,0,0,0,0,0,0,0,0,0,0,0,0,0,0,0,0,0,0,0,0,0,0,0,0,0,0,0,0,0,0,0,0,0,0,0,0,0,0,0,0,0,0,0,0,0,0,0,0,0,0,0,0,0,0,0,0,0,0,0,0,0,0,0,0,0,0,0,0,0,0,0,0,0,0,0,0,0,0,0
0.230361,0.609556,0.735881,0.569218,0.407116,0.231845,0.278958,0.194383,0.383835,0.70718,0.774498,0.601149,0.705725,0.512311,0.320041,0.224323,0.229198,0.230184,0.368573,0.533829,0.663403,0.590729,0.414908,0.637835,0.637392,0.471717,0.398949,0.395201,0.372957,0.264181,0.241342,0.592776,0.59496,0.515033,0.603517,20.0767,1.69714,1.4775,0.520044,0.420961,0.344399,0.341574,0.304855,0.282584,0.290084,0.0694456,0.0625814,0.110098,0.144832,0.267185,0.309013,0.203117,0.099208,0.135345,0.230585,0.200219,0.139781,0.109438,0,0,0,0,0,0,0,0,0,0,0,0,0,0,0,0,0,0,0,0,0,0,0,0,0,0,0,0,0,0,0,0,0,0,0,0,0,0,0,0,0,0,0,0,0,0,0,0,0,0,0,0,0,0,0,0,0,0,0,0,0,0,0,0,0,0,0,0,0,0,0,0,0,0,0,0,0,0,0,0,0,0,0,0,0,0,0,0,0,0,0,0,0,0,0,0,0,0,0,0,0,0,0,0,0,0,0,0,0,0,0,0,0,0,0,0,0,0,0,0,0,0,0,0,0,0,0,0,0,0,0,0,0,0,0,0,0,0,0,0,0,0,0,0,0,0,0,0,0,0,0,0,0,0,0,0,0,0,0,0,0,0,0,0,0,0,0,0,0,0,0,0,0,0
0.23065,0.632428,0.715958,0.567893,0.441131,0.234707,0.267429,0.193856,0.393768,0.694671,0.749542,0.576321,0.645969,0.494734,0.319132,0.217474,0.236728,0.240225,0.367946,0.56244,0.638429,0.506541,0.364587,0.764861,0.677938,0.442494,0.384932,0.395637,0.378616,0.270768,0.229295,0.631821,0.582409,0.463985,0.61485,20.0848,1.85501,1.60632,0.463391,0.398541,0.322766,0.340764,0.326444,0.304496,0.312331,0.0746441,0.0703587,0.120747,0.156633,0.287242,0.332251,0.225209,0.119282,0.1539,0.255769,0.234985,0.192524,0.124222,0,0,0,0,0,0,0,0,0,0,0,0,0,0,0,0,0,0,0,0,0,0,0,0,0,0,0,0,0,0,0,0,0,0,0,0,0,0,0,0,0,0,0,0,0,0,0,0,0,0,0,0,0,0,0,0,0,0,0,0,0,0,0,0,0,0,0,0,0,0,0,0,0,0,0,0,0,0,0,0,0,0,0,0,0,0,0,0,0,0,0,0,0,0,0,0,0,0,0,0,0,0,0,0,0,0,0,0,0,0,0,0,0,0,0,0,0,0,0,0,0,0,0,0,0,0,0,0,0,0,0,0,0,0,0,0,0,0,0,0,0,0,0,0,0,0,0,0,0,0,0,0,0,0,0,0,0,0,0,0,0,0,0,0,0,0,0,0,0,0,0,0,0,0
0.230923,0.556995,0.691218,0.527853,0.414496,0.237273,0.245262,0.199107,0.410664,0.693943,0.788758,0.596907,0.602707,0.491127,0.295435,0.266037,0.209811,0.206196,0.34908,0.538554,0.674321,0.538425,0.329147,0.715386,0.597201,0.401427,0.35419,0.377128,0.350115,0.257664,0.224471,0.575719,0.587456,0.468879,0.632214,20.0758,1.93522,1.36592,0.353752,0.321288,0.289244,0.31538,0.280863,0.249571,0.253253,0.0589529,0.0578511,0.0974085,0.123397,0.227227,0.267407,0.173273,0.086936,0.12215,0.221313,0.194062,0.13665,0.0912156,0,0,0,0,0,0,0,0,0,0,0,0,0,0,0,0,0,0,0,0,0,0,0,0,0,0,0,0,0,0,0,0,0,0,0,0,0,0,0,0,0,0,0,0,0,0,0,0,0,0,0,0,0,0,0,0,0,0,0,0,0,0,0,0,0,0,0,0,0,0,0,0,0,0,0,0,0,0,0,0,0,0,0,0,0,0,0,0,0,0,0,0,0,0,0,0,0,0,0,0,0,0,0,0,0,0,0,0,0,0,0,0,0,0,0,0,0,0,0,0,0,0,0,0,0,0,0,0,0,0,0,0,0,0,0,0,0,0,0,0,0,0,0,0,0,0,0,0,0,0,0,0,0,0,0,0,0,0,0,0,0,0,0,0,0,0,0,0,0,0,0,0,0,0
0.224115,0.56329,0.689673,0.555889,0.458188,0.26268,0.261358,0.222973,0.424859,0.732965,0.847932,0.654539,0.692142,0.498319,0.294866,0.244722,0.221301,0.226512,0.375747,0.559779,0.63432,0.642782,0.381692,0.772937,0.740198,0.542422,0.374252,0.414591,0.362837,0.265649,0.243527,0.636552,0.611872,0.511889,0.738111,20.0805,1.70618,1.10821,0.417043,0.361236,0.324957,0.323044,0.287039,0.252853,0.262472,0.0668932,0.0638832,0.107287,0.138034,0.25526,0.302211,0.200476,0.0953618,0.126053,0.234999,0.21039,0.169475,0.0960186,0,0,0,0,0,0,0,0,0,0,0,0,0,0,0,0,0,0,0,0,0,0,0,0,0,0,0,0,0,0,0,0,0,0,0,0,0,0,0,0,0,0,0,0,0,0,0,0,0,0,0,0,0,0,0,0,0,0,0,0,0,0,0,0,0,0,0,0,0,0,0,0,0,0,0,0,0,0,0,0,0,0,0,0,0,0,0,0,0,0,0,0,0,0,0,0,0,0,0,0,0,0,0,0,0,0,0,0,0,0,0,0,0,0,0,0,0,0,0,0,0,0,0,0,0,0,0,0,0,0,0,0,0,0,0,0,0,0,0,0,0,0,0,0,0,0,0,0,0,0,0,0,0,0,0,0,0,0,0,0,0,0,0,0,0,0,0,0,0,0,0,0,0,0
0.226286,0.563555,0.638409,0.52076,0.420624,0.252079,0.256727,0.218328,0.407301,0.670513,0.734495,0.562906,0.568665,0.494777,0.315332,0.222867,0.251185,0.210112,0.361149,0.546134,0.620423,0.613744,0.366677,0.705082,0.730236,0.545993,0.355189,0.380313,0.305769,0.219166,0.225387,0.607097,0.617914,0.532974,0.761926,20.0797,1.78218,1.25459,0.383719,0.338069,0.270822,0.288999,0.251962,0.218816,0.241512,0.0624017,0.0604319,0.103212,0.131436,0.233283,0.260817,0.148082,0.0760132,0.106977,0.195136,0.168172,0.135711,0.0833608,0,0,0,0,0,0,0,0,0,0,0,0,0,0,0,0,0,0,0,0,0,0,0,0,0,0,0,0,0,0,0,0,0,0,0,0,0,0,0,0,0,0,0,0,0,0,0,0,0,0,0,0,0,0,0,0,0,0,0,0,0,0,0,0,0,0,0,0,0,0,0,0,0,0,0,0,0,0,0,0,0,0,0,0,0,0,0,0,0,0,0,0,0,0,0,0,0,0,0,0,0,0,0,0,0,0,0,0,0,0,0,0,0,0,0,0,0,0,0,0,0,0,0,0,0,0,0,0,0,0,0,0,0,0,0,0,0,0,0,0,0,0,0,0,0,0,0,0,0,0,0,0,0,0,0,0,0,0,0,0,0,0,0,0,0,0,0,0,0,0,0,0,0,0
0.221166,0.522407,0.62271,0.521916,0.38583,0.257519,0.266363,0.200017,0.411569,0.714875,0.81899,0.618484,0.637128,0.467294,0.297521,0.218384,0.262692,0.203311,0.338446,0.509385,0.546914,0.512011,0.317483,0.805936,0.67459,0.461366,0.380953,0.411363,0.311475,0.217681,0.233792,0.595643,0.628793,0.538051,0.653869,20.0782,1.84337,1.41908,0.380467,0.346093,0.298392,0.303702,0.272552,0.232888,0.273435,0.0657702,0.059299,0.100881,0.131393,0.228757,0.268883,0.182787,0.0776308,0.118163,0.218749,0.200783,0.185759,0.112897,0,0,0,0,0,0,0,0,0,0,0,0,0,0,0,0,0,0,0,0,0,0,0,0,0,0,0,0,0,0,0,0,0,0,0,0,0,0,0,0,0,0,0,0,0,0,0,0,0,0,0,0,0,0,0,0,0,0,0,0,0,0,0,0,0,0,0,0,0,0,0,0,0,0,0,0,0,0,0,0,0,0,0,0,0,0,0,0,0,0,0,0,0,0,0,0,0,0,0,0,0,0,0,0,0,0,0,0,0,0,0,0,0,0,0,0,0,0,0,0,0,0,0,0,0,0,0,0,0,0,0,0,0,0,0,0,0,0,0,0,0,0,0,0,0,0,0,0,0,0,0,0,0,0,0,0,0,0,0,0,0,0,0,0,0,0,0,0,0,0,0,0,0,0
0.22195,0.534981,0.677265,0.579789,0.431774,0.292377,0.351473,0.183282,0.429652,0.782457,0.846803,0.703365,0.750931,0.526155,0.328377,0.277735,0.270488,0.242485,0.342919,0.488401,0.520375,0.601329,0.377129,0.862175,0.697618,0.42412,0.376123,0.391519,0.313298,0.245391,0.237674,0.681887,0.646707,0.512916,0.68133,20.0673,1.76382,1.38983,0.456392,0.330255,0.300829,0.293744,0.26654,0.222326,0.246297,0.0654203,0.0595712,0.103152,0.137504,0.240823,0.29027,0.189996,0.0936311,0.123569,0.197228,0.183995,0.161542,0.106204,0,0,0,0,0,0,0,0,0,0,0,0,0,0,0,0,0,0,0,0,0,0,0,0,0,0,0,0,0,0,0,0,0,0,0,0,0,0,0,0,0,0,0,0,0,0,0,0,0,0,0,0,0,0,0,0,0,0,0,0,0,0,0,0,0,0,0,0,0,0,0,0,0,0,0,0,0,0,0,0,0,0,0,0,0,0,0,0,0,0,0,0,0,0,0,0,0,0,0,0,0,0,0,0,0,0,0,0,0,0,0,0,0,0,0,0,0,0,0,0,0,0,0,0,0,0,0,0,0,0,0,0,0,0,0,0,0,0,0,0,0,0,0,0,0,0,0,0,0,0,0,0,0,0,0,0,0,0,0,0,0,0,0,0,0,0,0,0,0,0,0,0,0,0
0.226707,0.565306,0.708012,0.539792,0.379499,0.301286,0.43968,0.20323,0.390018,0.72669,0.91376,0.751598,0.816479,0.606444,0.342727,0.277505,0.303492,0.281431,0.4066,0.569903,0.503106,0.543865,0.476641,0.831781,0.828119,0.451474,0.368561,0.367546,0.302288,0.237604,0.260812,0.696121,0.623359,0.500769,0.634452,20.0799,1.71662,1.23054,0.484068,0.342426,0.307327,0.305095,0.28584,0.243992,0.25241,0.0624851,0.0623304,0.103027,0.144727,0.262391,0.330656,0.251099,0.107103,0.153108,0.231573,0.228958,0.183077,0.116166,0,0,0,0,0,0,0,0,0,0,0,0,0,0,0,0,0,0,0,0,0,0,0,0,0,0,0,0,0,0,0,0,0,0,0,0,0,0,0,0,0,0,0,0,0,0,0,0,0,0,0,0,0,0,0,0,0,0,0,0,0,0,0,0,0,0,0,0,0,0,0,0,0,0,0,0,0,0,0,0,0,0,0,0,0,0,0,0,0,0,0,0,0,0,0,0,0,0,0,0,0,0,0,0,0,0,0,0,0,0,0,0,0,0,0,0,0,0,0,0,0,0,0,0,0,0,0,0,0,0,0,0,0,0,0,0,0,0,0,0,0,0,0,0,0,0,0,0,0,0,0,0,0,0,0,0,0,0,0,0,0,0,0,0,0,0,0,0,0,0,0,0,0,0
0.223421,0.513815,0.612582,0.510077,0.339086,0.238632,0.385093,0.212928,0.447074,0.768222,0.872251,0.733699,0.952742,0.558939,0.300082,0.281418,0.29736,0.289399,0.390034,0.58445,0.541286,0.582071,0.410115,0.694265,0.740241,0.42261,0.345374,0.351989,0.280164,0.223088,0.253606,0.625715,0.610825,0.500326,0.626386,20.0719,1.72587,1.21425,0.408906,0.351695,0.299738,0.307425,0.299811,0.261995,0.263368,0.0613653,0.0592201,0.0966772,0.137772,0.243085,0.317208,0.243063,0.0919404,0.128229,0.189412,0.203351,0.136898,0.102173,0,0,0,0,0,0,0,0,0,0,0,0,0,0,0,0,0,0,0,0,0,0,0,0,0,0,0,0,0,0,0,0,0,0,0,0,0,0,0,0,0,0,0,0,0,0,0,0,0,0,0,0,0,0,0,0,0,0,0,0,0,0,0,0,0,0,0,0,0,0,0,0,0,0,0,0,0,0,0,0,0,0,0,0,0,0,0,0,0,0,0,0,0,0,0,0,0,0,0,0,0,0,0,0,0,0,0,0,0,0,0,0,0,0,0,0,0,0,0,0,0,0,0,0,0,0,0,0,0,0,0,0,0,0,0,0,0,0,0,0,0,0,0,0,0,0,0,0,0,0,0,0,0,0,0,0,0,0,0,0,0,0,0,0,0,0,0,0,0,0,0,0,0,0
0.220457,0.524285,0.658247,0.548733,0.395066,0.274532,0.370732,0.188998,0.401809,0.802209,0.935844,0.798324,1.03321,0.580954,0.287879,0.317467,0.341604,0.279749,0.388392,0.606856,0.546826,0.562244,0.461465,0.716688,0.686637,0.49616,0.374338,0.372321,0.291389,0.234751,0.258368,0.61935,0.652507,0.531637,0.667783,20.0641,1.6649,1.07605,0.392855,0.330235,0.305866,0.35338,0.33607,0.281434,0.260382,0.0641855,0.0626627,0.106183,0.148139,0.275373,0.36565,0.30727,0.120956,0.157078,0.244783,0.25125,0.193592,0.139549,0,0,0,0,0,0,0,0,0,0,0,0,0,0,0,0,0,0,0,0,0,0,0,0,0,0,0,0,0,0,0,0,0,0,0,0,0,0,0,0,0,0,0,0,0,0,0,0,0,0,0,0,0,0,0,0,0,0,0,0,0,0,0,0,0,0,0,0,0,0,0,0,0,0,0,0,0,0,0,0,0,0,0,0,0,0,0,0,0,0,0,0,0,0,0,0,0,0,0,0,0,0,0,0,0,0,0,0,0,0,0,0,0,0,0,0,0,0,0,0,0,0,0,0,0,0,0,0,0,0,0,0,0,0,0,0,0,0,0,0,0,0,0,0,0,0,0,0,0,0,0,0,0,0,0,0,0,0,0,0,0,0,0,0,0,0,0,0,0,0,0,0,0,0
0.223738,0.565572,0.633381,0.511097,0.366432,0.255076,0.366584,0.204678,0.400128,0.661255,0.871316,0.766871,0.950352,0.582668,0.30137,0.302144,0.300414,0.271323,0.379044,0.550968,0.548857,0.651321,0.395419,0.732635,0.662436,0.425648,0.318942,0.3388,0.281091,0.239355,0.221844,0.601137,0.62119,0.45357,0.57499,20.0586,1.69498,1.04243,0.341257,0.294161,0.282876,0.36416,0.3336,0.270222,0.255677,0.0603307,0.0590604,0.0995643,0.135778,0.250193,0.32252,0.260018,0.103692,0.123159,0.201432,0.189363,0.134159,0.128439,0,0,0,0,0,0,0,0,0,0,0,0,0,0,0,0,0,0,0,0,0,0,0,0,0,0,0,0,0,0,0,0,0,0,0,0,0,0,0,0,0,0,0,0,0,0,0,0,0,0,0,0,0,0,0,0,0,0,0,0,0,0,0,0,0,0,0,0,0,0,0,0,0,0,0,0,0,0,0,0,0,0,0,0,0,0,0,0,0,0,0,0,0,0,0,0,0,0,0,0,0,0,0,0,0,0,0,0,0,0,0,0,0,0,0,0,0,0,0,0,0,0,0,0,0,0,0,0,0,0,0,0,0,0,0,0,0,0,0,0,0,0,0,0,0,0,0,0,0,0,0,0,0,0,0,0,0,0,0,0,0,0,0,0,0,0,0,0,0,0,0,0,0,0
0.220936,0.5666,0.685529,0.543148,0.369508,0.256572,0.362871,0.198229,0.36267,0.705934,0.938483,0.807842,0.943348,0.705884,0.377408,0.383127,0.2982,0.292221,0.396567,0.569146,0.537323,0.5782,0.400589,0.798347,0.672749,0.420242,0.300769,0.3436,0.286293,0.245857,0.253047,0.622264,0.625491,0.522771,0.649064,20.0119,1.86544,1.09743,0.426392,0.308602,0.292453,0.368949,0.370981,0.304924,0.316412,0.0612436,0.0592781,0.10149,0.131649,0.244974,0.310473,0.231368,0.0856789,0.124612,0.231999,0.201178,0.156545,0.134956,0,0,0,0,0,0,0,0,0,0,0,0,0,0,0,0,0,0,0,0,0,0,0,0,0,0,0,0,0,0,0,0,0,0,0,0,0,0,0,0,0,0,0,0,0,0,0,0,0,0,0,0,0,0,0,0,0,0,0,0,0,0,0,0,0,0,0,0,0,0,0,0,0,0,0,0,0,0,0,0,0,0,0,0,0,0,0,0,0,0,0,0,0,0,0,0,0,0,0,0,0,0,0,0,0,0,0,0,0,0,0,0,0,0,0,0,0,0,0,0,0,0,0,0,0,0,0,0,0,0,0,0,0,0,0,0,0,0,0,0,0,0,0,0,0,0,0,0,0,0,0,0,0,0,0,0,0,0,0,0,0,0,0,0,0,0,0,0,0,0,0,0,0,0
0.220242,0.595687,0.730342,0.549613,0.364425,0.276001,0.353122,0.211346,0.387764,0.675584,0.911592,0.77076,0.905377,0.715869,0.426674,0.414481,0.289832,0.291496,0.399999,0.596567,0.588505,0.568434,0.415251,0.864538,0.807006,0.469649,0.323823,0.363757,0.319518,0.2529,0.261887,0.591775,0.622754,0.533284,0.657256,20.0166,1.84052,1.16614,0.411387,0.333281,0.2966,0.360049,0.364307,0.296459,0.290509,0.055141,0.0531599,0.0925422,0.126409,0.240619,0.326025,0.2376,0.106945,0.141682,0.253414,0.240243,0.182741,0.147479,0,0,0,0,0,0,0,0,0,0,0,0,0,0,0,0,0,0,0,0,0,0,0,0,0,0,0,0,0,0,0,0,0,0,0,0,0,0,0,0,0,0,0,0,0,0,0,0,0,0,0,0,0,0,0,0,0,0,0,0,0,0,0,0,0,0,0,0,0,0,0,0,0,0,0,0,0,0,0,0,0,0,0,0,0,0,0,0,0,0,0,0,0,0,0,0,0,0,0,0,0,0,0,0,0,0,0,0,0,0,0,0,0,0,0,0,0,0,0,0,0,0,0,0,0,0,0,0,0,0,0,0,0,0,0,0,0,0,0,0,0,0,0,0,0,0,0,0,0,0,0,0,0,0,0,0,0,0,0,0,0,0,0,0,0,0,0,0,0,0,0,0,0,0
0.21814,0.699496,0.729093,0.523677,0.358614,0.262227,0.412896,0.238134,0.376001,0.608824,0.891099,0.796036,0.959676,0.66097,0.394698,0.357315,0.319893,0.303914,0.419709,0.571659,0.55402,0.57771,0.38993,0.870199,0.802903,0.457997,0.349246,0.376322,0.345256,0.277477,0.283337,0.599065,0.525553,0.41173,0.633715,20.0004,1.86366,1.28292,0.452792,0.288555,0.276415,0.339473,0.341937,0.260624,0.28631,0.0522591,0.0530973,0.0912013,0.122679,0.232097,0.313932,0.224199,0.0869251,0.113447,0.193491,0.184877,0.13637,0.129975,0,0,0,0,0,0,0,0,0,0,0,0,0,0,0,0,0,0,0,0,0,0,0,0,0,0,0,0,0,0,0,0,0,0,0,0,0,0,0,0,0,0,0,0,0,0,0,0,0,0,0,0,0,0,0,0,0,0,0,0,0,0,0,0,0,0,0,0,0,0,0,0,0,0,0,0,0,0,0,0,0,0,0,0,0,0,0,0,0,0,0,0,0,0,0,0,0,0,0,0,0,0,0,0,0,0,0,0,0,0,0,0,0,0,0,0,0,0,0,0,0,0,0,0,0,0,0,0,0,0,0,0,0,0,0,0,0,0,0,0,0,0,0,0,0,0,0,0,0,0,0,0,0,0,0,0,0,0,0,0,0,0,0,0,0,0,0,0,0,0,0,0,0,0
0.22183,0.681015,0.648433,0.485268,0.344835,0.241138,0.339886,0.197198,0.341689,0.552417,0.864897,0.754346,0.918117,0.651432,0.379135,0.327055,0.34551,0.29265,0.377669,0.470158,0.448616,0.492304,0.399056,0.780332,0.614551,0.419246,0.348852,0.37764,0.336875,0.274753,0.236723,0.608791,0.522111,0.404751,0.613005,19.9935,1.82876,1.25828,0.470874,0.303878,0.316454,0.346703,0.328881,0.228404,0.252108,0.0514478,0.0539173,0.094626,0.129747,0.243408,0.327885,0.222569,0.0864406,0.116543,0.19661,0.203117,0.131388,0.118816,0,0,0,0,0,0,0,0,0,0,0,0,0,0,0,0,0,0,0,0,0,0,0,0,0,0,0,0,0,0,0,0,0,0,0,0,0,0,0,0,0,0,0,0,0,0,0,0,0,0,0,0,0,0,0,0,0,0,0,0,0,0,0,0,0,0,0,0,0,0,0,0,0,0,0,0,0,0,0,0,0,0,0,0,0,0,0,0,0,0,0,0,0,0,0,0,0,0,0,0,0,0,0,0,0,0,0,0,0,0,0,0,0,0,0,0,0,0,0,0,0,0,0,0,0,0,0,0,0,0,0,0,0,0,0,0,0,0,0,0,0,0,0,0,0,0,0,0,0,0,0,0,0,0,0,0,0,0,0,0,0,0,0,0,0,0,0,0,0,0,0,0,0,0
0.215981,0.664805,0.639387,0.467243,0.351201,0.229624,0.29666,0.177292,0.322764,0.527709,0.768619,0.72695,0.727864,0.566968,0.341584,0.341066,0.35175,0.273907,0.387863,0.488065,0.456211,0.458532,0.362707,0.699309,0.510238,0.411727,0.33579,0.352052,0.326799,0.277848,0.264349,0.571717,0.494411,0.390453,0.57131,19.9784,1.66936,1.17536,0.492332,0.30854,0.324754,0.348575,0.335503,0.232195,0.214885,0.0468089,0.0509014,0.0886443,0.122958,0.242958,0.322323,0.231529,0.0750789,0.112712,0.192013,0.194517,0.115436,0.10529,0,0,0,0,0,0,0,0,0,0,0,0,0,0,0,0,0,0,0,0,0,0,0,0,0,0,0,0,0,0,0,0,0,0,0,0,0,0,0,0,0,0,0,0,0,0,0,0,0,0,0,0,0,0,0,0,0,0,0,0,0,0,0,0,0,0,0,0,0,0,0,0,0,0,0,0,0,0,0,0,0,0,0,0,0,0,0,0,0,0,0,0,0,0,0,0,0,0,0,0,0,0,0,0,0,0,0,0,0,0,0,0,0,0,0,0,0,0,0,0,0,0,0,0,0,0,0,0,0,0,0,0,0,0,0,0,0,0,0,0,0,0,0,0,0,0,0,0,0,0,0,0,0,0,0,0,0,0,0,0,0,0,0,0,0,0,0,0,0,0,0,0,0,0
0.216839,0.66923,0.617371,0.43852,0.363288,0.25438,0.282601,0.186495,0.337436,0.534048,0.774842,0.732189,0.715569,0.544858,0.328491,0.371223,0.330183,0.267508,0.408947,0.533921,0.508911,0.505895,0.392572,0.649758,0.557835,0.392338,0.343513,0.38039,0.352765,0.310294,0.247466,0.622184,0.475358,0.332609,0.532896,19.9571,1.78739,1.28286,0.453457,0.327695,0.301886,0.312962,0.311765,0.215213,0.184976,0.0448447,0.0503956,0.0859008,0.119352,0.232926,0.284439,0.207909,0.0709738,0.106383,0.197786,0.173537,0.106699,0.093087,0,0,0,0,0,0,0,0,0,0,0,0,0,0,0,0,0,0,0,0,0,0,0,0,0,0,0,0,0,0,0,0,0,0,0,0,0,0,0,0,0,0,0,0,0,0,0,0,0,0,0,0,0,0,0,0,0,0,0,0,0,0,0,0,0,0,0,0,0,0,0,0,0,0,0,0,0,0,0,0,0,0,0,0,0,0,0,0,0,0,0,0,0,0,0,0,0,0,0,0,0,0,0,0,0,0,0,0,0,0,0,0,0,0,0,0,0,0,0,0,0,0,0,0,0,0,0,0,0,0,0,0,0,0,0,0,0,0,0,0,0,0,0,0,0,0,0,0,0,0,0,0,0,0,0,0,0,0,0,0,0,0,0,0,0,0,0,0,0,0,0,0,0,0
0.219535,0.609434,0.555363,0.405418,0.328097,0.244434,0.29219,0.185307,0.339143,0.587212,0.741052,0.723469,0.702313,0.513765,0.287608,0.331921,0.288339,0.264318,0.419275,0.555508,0.522513,0.443019,0.325377,0.596945,0.5389,0.38102,0.355682,0.383641,0.34695,0.286483,0.244073,0.599392,0.476943,0.304848,0.481033,19.9467,1.60728,1.12143,0.433051,0.339418,0.313854,0.31977,0.319698,0.221866,0.200533,0.0431434,0.0502482,0.0833195,0.115867,0.221987,0.256728,0.181233,0.0756156,0.117104,0.213772,0.166712,0.0992338,0.0819072,0,0,0,0,0,0,0,0,0,0,0,0,0,0,0,0,0,0,0,0,0,0,0,0,0,0,0,0,0,0,0,0,0,0,0,0,0,0,0,0,0,0,0,0,0,0,0,0,0,0,0,0,0,0,0,0,0,0,0,0,0,0,0,0,0,0,0,0,0,0,0,0,0,0,0,0,0,0,0,0,0,0,0,0,0,0,0,0,0,0,0,0,0,0,0,0,0,0,0,0,0,0,0,0,0,0,0,0,0,0,0,0,0,0,0,0,0,0,0,0,0,0,0,0,0,0,0,0,0,0,0,0,0,0,0,0,0,0,0,0,0,0,0,0,0,0,0,0,0,0,0,0,0,0,0,0,0,0,0,0,0,0,0,0,0,0,0,0,0,0,0,0,0,0
0.218161,0.637162,0.578069,0.42464,0.338256,0.237759,0.246894,0.186483,0.3151,0.693253,0.787903,0.692272,0.723688,0.495936,0.2925,0.315254,0.291843,0.27858,0.423078,0.549607,0.526004,0.535987,0.318646,0.700045,0.637823,0.348811,0.354026,0.371074,0.372641,0.28351,0.262312,0.633236,0.479824,0.31764,0.489019,19.9564,1.71464,1.23895,0.42354,0.359499,0.363096,0.340248,0.32118,0.228326,0.220588,0.0483246,0.0543234,0.097325,0.136604,0.262179,0.306597,0.234863,0.0941051,0.140038,0.235622,0.201791,0.148568,0.0959979,0,0,0,0,0,0,0,0,0,0,0,0,0,0,0,0,0,0,0,0,0,0,0,0,0,0,0,0,0,0,0,0,0,0,0,0,0,0,0,0,0,0,0,0,0,0,0,0,0,0,0,0,0,0,0,0,0,0,0,0,0,0,0,0,0,0,0,0,0,0,0,0,0,0,0,0,0,0,0,0,0,0,0,0,0,0,0,0,0,0,0,0,0,0,0,0,0,0,0,0,0,0,0,0,0,0,0,0,0,0,0,0,0,0,0,0,0,0,0,0,0,0,0,0,0,0,0,0,0,0,0,0,0,0,0,0,0,0,0,0,0,0,0,0,0,0,0,0,0,0,0,0,0,0,0,0,0,0,0,0,0,0,0,0,0,0,0,0,0,0,0,0,0,0
0.224567,0.544783,0.610085,0.436954,0.321435,0.211125,0.227757,0.157805,0.324454,0.636828,0.68462,0.633256,0.684882,0.46048,0.261642,0.289172,0.338047,0.247581,0.386884,0.523981,0.547072,0.444484,0.34465,0.613862,0.550547,0.388767,0.351052,0.390233,0.38294,0.295145,0.25318,0.684942,0.520538,0.367114,0.543753,19.9721,1.80207,1.31584,0.432055,0.290757,0.312635,0.320725,0.313204,0.214725,0.213798,0.050063,0.0529588,0.0923563,0.134468,0.258171,0.297756,0.223184,0.0983418,0.143806,0.226882,0.188515,0.170383,0.107291,0,0,0,0,0,0,0,0,0,0,0,0,0,0,0,0,0,0,0,0,0,0,0,0,0,0,0,0,0,0,0,0,0,0,0,0,0,0,0,0,0,0,0,0,0,0,0,0,0,0,0,0,0,0,0,0,0,0,0,0,0,0,0,0,0,0,0,0,0,0,0,0,0,0,0,0,0,0,0,0,0,0,0,0,0,0,0,0,0,0,0,0,0,0,0,0,0,0,0,0,0,0,0,0,0,0,0,0,0,0,0,0,0,0,0,0,0,0,0,0,0,0,0,0,0,0,0,0,0,0,0,0,0,0,0,0,0,0,0,0,0,0,0,0,0,0,0,0,0,0,0,0,0,0,0,0,0,0,0,0,0,0,0,0,0,0,0,0,0,0,0,0,0,0
0.219112,0.602804,0.635029,0.482859,0.333027,0.218477,0.212029,0.159622,0.31056,0.595165,0.700393,0.665804,0.661984,0.451647,0.252637,0.272759,0.314527,0.250701,0.3995,0.55594,0.568028,0.513698,0.352864,0.772342,0.647763,0.372478,0.364355,0.39669,0.405425,0.319536,0.264448,0.768749,0.586645,0.412088,0.559316,19.9791,1.79803,1.19872,0.464118,0.342,0.298146,0.291371,0.294177,0.193866,0.193184,0.0442753,0.0494888,0.086695,0.125756,0.244892,0.307815,0.203541,0.08827,0.131408,0.202849,0.160276,0.11793,0.100035,0,0,0,0,0,0,0,0,0,0,0,0,0,0,0,0,0,0,0,0,0,0,0,0,0,0,0,0,0,0,0,0,0,0,0,0,0,0,0,0,0,0,0,0,0,0,0,0,0,0,0,0,0,0,0,0,0,0,0,0,0,0,0,0,0,0,0,0,0,0,0,0,0,0,0,0,0,0,0,0,0,0,0,0,0,0,0,0,0,0,0,0,0,0,0,0,0,0,0,0,0,0,0,0,0,0,0,0,0,0,0,0,0,0,0,0,0,0,0,0,0,0,0,0,0,0,0,0,0,0,0,0,0,0,0,0,0,0,0,0,0,0,0,0,0,0,0,0,0,0,0,0,0,0,0,0,0,0,0,0,0,0,0,0,0,0,0,0,0,0,0,0,0,0
0.232706,0.609869,0.568824,0.389956,0.275097,0.188289,0.223832,0.169725,0.27444,0.534802,0.604816,0.612006,0.588713,0.467014,0.284778,0.29115,0.28459,0.238699,0.372158,0.494171,0.552485,0.500985,0.322021,0.668197,0.701451,0.346085,0.344507,0.356646,0.332167,0.27418,0.266101,0.746055,0.572175,0.406522,0.545016,19.9651,1.73838,1.22878,0.440372,0.311423,0.277643,0.306667,0.310243,0.208879,0.197187,0.0483447,0.0530715,0.0915246,0.127222,0.24335,0.301847,0.190811,0.0973696,0.147252,0.216354,0.174087,0.131766,0.107171,0,0,0,0,0,0,0,0,0,0,0,0,0,0,0,0,0,0,0,0,0,0,0,0,0,0,0,0,0,0,0,0,0,0,0,0,0,0,0,0,0,0,0,0,0,0,0,0,0,0,0,0,0,0,0,0,0,0,0,0,0,0,0,0,0,0,0,0,0,0,0,0,0,0,0,0,0,0,0,0,0,0,0,0,0,0,0,0,0,0,0,0,0,0,0,0,0,0,0,0,0,0,0,0,0,0,0,0,0,0,0,0,0,0,0,0,0,0,0,0,0,0,0,0,0,0,0,0,0,0,0,0,0,0,0,0,0,0,0,0,0,0,0,0,0,0,0,0,0,0,0,0,0,0,0,0,0,0,0,0,0,0,0,0,0,0,0,0,0,0,0,0,0,0
0.244903,0.620751,0.634399,0.425586,0.287756,0.189353,0.23858,0.167057,0.310937,0.560306,0.658723,0.635941,0.619377,0.480189,0.299505,0.346694,0.310828,0.260392,0.380632,0.507949,0.656996,0.532204,0.347323,0.746573,0.751273,0.395364,0.352211,0.372505,0.349405,0.300495,0.27505,0.734752,0.582536,0.438408,0.604032,19.9607,1.7932,1.29728,0.473922,0.331004,0.273497,0.311039,0.34035,0.23888,0.217355,0.04625,0.0518217,0.0846678,0.120146,0.230193,0.286122,0.185462,0.0842049,0.128361,0.194798,0.170665,0.113852,0.0962817,0,0,0,0,0,0,0,0,0,0,0,0,0,0,0,0,0,0,0,0,0,0,0,0,0,0,0,0,0,0,0,0,0,0,0,0,0,0,0,0,0,0,0,0,0,0,0,0,0,0,0,0,0,0,0,0,0,0,0,0,0,0,0,0,0,0,0,0,0,0,0,0,0,0,0,0,0,0,0,0,0,0,0,0,0,0,0,0,0,0,0,0,0,0,0,0,0,0,0,0,0,0,0,0,0,0,0,0,0,0,0,0,0,0,0,0,0,0,0,0,0,0,0,0,0,0,0,0,0,0,0,0,0,0,0,0,0,0,0,0,0,0,0,0,0,0,0,0,0,0,0,0,0,0,0,0,0,0,0,0,0,0,0,0,0,0,0,0,0,0,0,0,0,0
0.246264,0.693511,0.682698,0.418138,0.294472,0.2057,0.241887,0.176192,0.338761,0.584311,0.64954,0.656588,0.717139,0.546376,0.309219,0.358179,0.347959,0.273231,0.392338,0.472815,0.562431,0.575272,0.330881,0.782013,0.64245,0.377398,0.354005,0.354465,0.337893,0.280813,0.283905,0.753607,0.599908,0.474293,0.605941,19.9571,1.79932,1.4785,0.54529,0.358576,0.310505,0.331558,0.353833,0.238528,0.228176,0.0493556,0.0510949,0.0836535,0.119508,0.235994,0.288867,0.181087,0.0737574,0.116374,0.179588,0.156415,0.131212,0.0999306,0,0,0,0,0,0,0,0,0,0,0,0,0,0,0,0,0,0,0,0,0,0,0,0,0,0,0,0,0,0,0,0,0,0,0,0,0,0,0,0,0,0,0,0,0,0,0,0,0,0,0,0,0,0,0,0,0,0,0,0,0,0,0,0,0,0,0,0,0,0,0,0,0,0,0,0,0,0,0,0,0,0,0,0,0,0,0,0,0,0,0,0,0,0,0,0,0,0,0,0,0,0,0,0,0,0,0,0,0,0,0,0,0,0,0,0,0,0,0,0,0,0,0,0,0,0,0,0,0,0,0,0,0,0,0,0,0,0,0,0,0,0,0,0,0,0,0,0,0,0,0,0,0,0,0,0,0,0,0,0,0,0,0,0,0,0,0,0,0,0,0,0,0,0
0.247332,0.65419,0.704182,0.455926,0.310195,0.206302,0.257184,0.179713,0.352253,0.596141,0.64062,0.631812,0.827283,0.590953,0.328722,0.354813,0.308058,0.265234,0.394044,0.48993,0.569504,0.505689,0.327218,0.740193,0.592081,0.390122,0.365262,0.358226,0.307822,0.263915,0.299075,0.759538,0.593354,0.449702,0.660529,19.9501,1.76292,1.30393,0.538116,0.365442,0.270879,0.314218,0.318696,0.213539,0.208096,0.0481507,0.0489722,0.0821678,0.111499,0.220969,0.289687,0.188076,0.0755414,0.116055,0.181245,0.142342,0.123441,0.0984658,0,0,0,0,0,0,0,0,0,0,0,0,0,0,0,0,0,0,0,0,0,0,0,0,0,0,0,0,0,0,0,0,0,0,0,0,0,0,0,0,0,0,0,0,0,0,0,0,0,0,0,0,0,0,0,0,0,0,0,0,0,0,0,0,0,0,0,0,0,0,0,0,0,0,0,0,0,0,0,0,0,0,0,0,0,0,0,0,0,0,0,0,0,0,0,0,0,0,0,0,0,0,0,0,0,0,0,0,0,0,0,0,0,0,0,0,0,0,0,0,0,0,0,0,0,0,0,0,0,0,0,0,0,0,0,0,0,0,0,0,0,0,0,0,0,0,0,0,0,0,0,0,0,0,0,0,0,0,0,0,0,0,0,0,0,0,0,0,0,0,0,0,0,0
0.239313,0.66604,0.672339,0.44731,0.304505,0.192236,0.23471,0.174107,0.379987,0.604472,0.663535,0.636397,0.888912,0.571084,0.332159,0.308637,0.313879,0.278157,0.397723,0.484875,0.479743,0.496291,0.31295,0.651606,0.584849,0.386297,0.349363,0.344395,0.304007,0.248967,0.306987,0.772024,0.571215,0.45598,0.643749,19.9437,1.65195,1.32868,0.514761,0.325125,0.267664,0.304315,0.311545,0.220233,0.2031,0.0461369,0.0458549,0.0736936,0.0960419,0.177248,0.234161,0.142281,0.0669702,0.100163,0.170355,0.151058,0.131928,0.0786183,0,0,0,0,0,0,0,0,0,0,0,0,0,0,0,0,0,0,0,0,0,0,0,0,0,0,0,0,0,0,0,0,0,0,0,0,0,0,0,0,0,0,0,0,0,0,0,0,0,0,0,0,0,0,0,0,0,0,0,0,0,0,0,0,0,0,0,0,0,0,0,0,0,0,0,0,0,0,0,0,0,0,0,0,0,0,0,0,0,0,0,0,0,0,0,0,0,0,0,0,0,0,0,0,0,0,0,0,0,0,0,0,0,0,0,0,0,0,0,0,0,0,0,0,0,0,0,0,0,0,0,0,0,0,0,0,0,0,0,0,0,0,0,0,0,0,0,0,0,0,0,0,0,0,0,0,0,0,0,0,0,0,0,0,0,0,0,0,0,0,0,0,0,0
0.23881,0.642028,0.643339,0.417972,0.288644,0.19305,0.257011,0.183406,0.383009,0.622152,0.666755,0.59752,0.854465,0.584848,0.300136,0.336415,0.30621,0.301214,0.418897,0.458561,0.461732,0.447,0.32391,0.732037,0.659906,0.486307,0.385544,0.362137,0.298699,0.241472,0.318872,0.810627,0.621268,0.467743,0.654436,19.9367,1.77272,1.76642,0.536632,0.343284,0.274938,0.313524,0.312829,0.230729,0.213223,0.0473269,0.0444122,0.0724704,0.098484,0.178743,0.241811,0.145631,0.0703739,0.107972,0.181653,0.160837,0.127265,0.0708413,0,0,0,0,0,0,0,0,0,0,0,0,0,0,0,0,0,0,0,0,0,0,0,0,0,0,0,0,0,0,0,0,0,0,0,0,0,0,0,0,0,0,0,0,0,0,0,0,0,0,0,0,0,0,0,0,0,0,0,0,0,0,0,0,0,0,0,0,0,0,0,0,0,0,0,0,0,0,0,0,0,0,0,0,0,0,0,0,0,0,0,0,0,0,0,0,0,0,0,0,0,0,0,0,0,0,0,0,0,0,0,0,0,0,0,0,0,0,0,0,0,0,0,0,0,0,0,0,0,0,0,0,0,0,0,0,0,0,0,0,0,0,0,0,0,0,0,0,0,0,0,0,0,0,0,0,0,0,0,0,0,0,0,0,0,0,0,0,0,0,0,0,0,0
0.237638,0.674514,0.666836,0.414496,0.297798,0.208972,0.250811,0.174607,0.35606,0.597806,0.649448,0.580612,0.788979,0.578525,0.258331,0.337484,0.279459,0.272577,0.383912,0.414506,0.434201,0.43176,0.294944,0.654632,0.657031,0.490373,0.368483,0.339269,0.291012,0.235318,0.354797,0.830421,0.614827,0.480694,0.752696,19.9349,1.8444,1.55031,0.54564,0.355429,0.274725,0.311187,0.314806,0.221128,0.203118,0.0452807,0.0441385,0.0721639,0.0983635,0.179147,0.239621,0.145216,0.0658225,0.102083,0.16645,0.1614,0.138996,0.0745,0,0,0,0,0,0,0,0,0,0,0,0,0,0,0,0,0,0,0,0,0,0,0,0,0,0,0,0,0,0,0,0,0,0,0,0,0,0,0,0,0,0,0,0,0,0,0,0,0,0,0,0,0,0,0,0,0,0,0,0,0,0,0,0,0,0,0,0,0,0,0,0,0,0,0,0,0,0,0,0,0,0,0,0,0,0,0,0,0,0,0,0,0,0,0,0,0,0,0,0,0,0,0,0,0,0,0,0,0,0,0,0,0,0,0,0,0,0,0,0,0,0,0,0,0,0,0,0,0,0,0,0,0,0,0,0,0,0,0,0,0,0,0,0,0,0,0,0,0,0,0,0,0,0,0,0,0,0,0,0,0,0,0,0,0,0,0,0,0,0,0,0,0,0
0.234076,0.663689,0.589026,0.393937,0.289596,0.204371,0.263551,0.16566,0.363945,0.599791,0.668615,0.595493,0.773054,0.560688,0.242718,0.306106,0.271875,0.257498,0.357896,0.392734,0.418367,0.444284,0.292669,0.718525,0.575654,0.435536,0.337378,0.316557,0.273945,0.245297,0.368256,0.763767,0.651365,0.441064,0.724531,19.9349,1.70762,1.28775,0.516972,0.328634,0.272469,0.307726,0.302202,0.2106,0.193337,0.0436617,0.0442588,0.0711725,0.0985911,0.184347,0.239011,0.143132,0.0670507,0.104703,0.154804,0.146111,0.117958,0.0837505,0,0,0,0,0,0,0,0,0,0,0,0,0,0,0,0,0,0,0,0,0,0,0,0,0,0,0,0,0,0,0,0,0,0,0,0,0,0,0,0,0,0,0,0,0,0,0,0,0,0,0,0,0,0,0,0,0,0,0,0,0,0,0,0,0,0,0,0,0,0,0,0,0,0,0,0,0,0,0,0,0,0,0,0,0,0,0,0,0,0,0,0,0,0,0,0,0,0,0,0,0,0,0,0,0,0,0,0,0,0,0,0,0,0,0,0,0,0,0,0,0,0,0,0,0,0,0,0,0,0,0,0,0,0,0,0,0,0,0,0,0,0,0,0,0,0,0,0,0,0,0,0,0,0,0,0,0,0,0,0,0,0,0,0,0,0,0,0,0,0,0,0,0,0
0.22754,0.646572,0.558164,0.393599,0.2859,0.187642,0.242334,0.173542,0.364938,0.508423,0.628754,0.599924,0.720043,0.641305,0.282527,0.296948,0.23486,0.220068,0.322044,0.358889,0.389921,0.471787,0.338293,0.711058,0.665273,0.402564,0.335881,0.330973,0.29733,0.259594,0.315751,0.878943,0.626109,0.455377,0.695526,19.949,1.75509,1.56407,0.508099,0.345771,0.263838,0.299129,0.292143,0.221564,0.206615,0.0460038,0.0483151,0.0777773,0.107812,0.195421,0.256862,0.155936,0.0773854,0.125558,0.17432,0.164315,0.115854,0.0826848,0,0,0,0,0,0,0,0,0,0,0,0,0,0,0,0,0,0,0,0,0,0,0,0,0,0,0,0,0,0,0,0,0,0,0,0,0,0,0,0,0,0,0,0,0,0,0,0,0,0,0,0,0,0,0,0,0,0,0,0,0,0,0,0,0,0,0,0,0,0,0,0,0,0,0,0,0,0,0,0,0,0,0,0,0,0,0,0,0,0,0,0,0,0,0,0,0,0,0,0,0,0,0,0,0,0,0,0,0,0,0,0,0,0,0,0,0,0,0,0,0,0,0,0,0,0,0,0,0,0,0,0,0,0,0,0,0,0,0,0,0,0,0,0,0,0,0,0,0,0,0,0,0,0,0,0,0,0,0,0,0,0,0,0,0,0,0,0,0,0,0,0,0,0
0.232683,0.613352,0.54805,0.363845,0.280575,0.192166,0.216225,0.196497,0.373163,0.486211,0.595837,0.525335,0.656378,0.605708,0.296036,0.255203,0.191599,0.205932,0.288732,0.338237,0.389492,0.446473,0.309694,0.610823,0.539352,0.413193,0.323385,0.31502,0.295817,0.228445,0.279264,0.741256,0.551366,0.405704,0.604813,19.9333,1.73714,1.32601,0.437655,0.326263,0.280291,0.349382,0.341772,0.255336,0.229226,0.048998,0.0496093,0.0773644,0.103265,0.186007,0.218259,0.14431,0.094537,0.129114,0.180702,0.153727,0.122789,0.0748333,0,0,0,0,0,0,0,0,0,0,0,0,0,0,0,0,0,0,0,0,0,0,0,0,0,0,0,0,0,0,0,0,0,0,0,0,0,0,0,0,0,0,0,0,0,0,0,0,0,0,0,0,0,0,0,0,0,0,0,0,0,0,0,0,0,0,0,0,0,0,0,0,0,0,0,0,0,0,0,0,0,0,0,0,0,0,0,0,0,0,0,0,0,0,0,0,0,0,0,0,0,0,0,0,0,0,0,0,0,0,0,0,0,0,0,0,0,0,0,0,0,0,0,0,0,0,0,0,0,0,0,0,0,0,0,0,0,0,0,0,0,0,0,0,0,0,0,0,0,0,0,0,0,0,0,0,0,0,0,0,0,0,0,0,0,0,0,0,0,0,0,0,0,0
0.232902,0.588285,0.554851,0.354953,0.271217,0.188199,0.229031,0.154987,0.363981,0.533122,0.595355,0.517528,0.66998,0.620924,0.278717,0.218451,0.21415,0.215048,0.305012,0.362875,0.413859,0.475451,0.305577,0.55293,0.46849,0.374827,0.321215,0.323852,0.308788,0.231256,0.268874,0.744556,0.574186,0.432019,0.588475,19.9266,1.83148,1.27875,0.437388,0.331543,0.290239,0.3294,0.326319,0.240589,0.227885,0.0496983,0.0499905,0.0790961,0.101207,0.19041,0.230633,0.16386,0.0830474,0.116226,0.169494,0.162124,0.123551,0.079849,0,0,0,0,0,0,0,0,0,0,0,0,0,0,0,0,0,0,0,0,0,0,0,0,0,0,0,0,0,0,0,0,0,0,0,0,0,0,0,0,0,0,0,0,0,0,0,0,0,0,0,0,0,0,0,0,0,0,0,0,0,0,0,0,0,0,0,0,0,0,0,0,0,0,0,0,0,0,0,0,0,0,0,0,0,0,0,0,0,0,0,0,0,0,0,0,0,0,0,0,0,0,0,0,0,0,0,0,0,0,0,0,0,0,0,0,0,0,0,0,0,0,0,0,0,0,0,0,0,0,0,0,0,0,0,0,0,0,0,0,0,0,0,0,0,0,0,0,0,0,0,0,0,0,0,0,0,0,0,0,0,0,0,0,0,0,0,0,0,0,0,0,0,0
0.218633,0.583224,0.459353,0.322911,0.257607,0.179436,0.218265,0.15873,0.363245,0.626256,0.658409,0.55016,0.629328,0.541013,0.266124,0.232539,0.232648,0.222591,0.304452,0.338353,0.374838,0.453528,0.305355,0.656621,0.593224,0.384237,0.313845,0.334989,0.318659,0.225636,0.237787,0.602615,0.586677,0.376736,0.547545,19.9249,1.77974,1.25885,0.409757,0.361801,0.28194,0.303241,0.343801,0.280429,0.291901,0.0539897,0.050231,0.0760747,0.0962424,0.164173,0.185255,0.124958,0.0593281,0.0972532,0.156862,0.159829,0.117984,0.0670389,0,0,0,0,0,0,0,0,0,0,0,0,0,0,0,0,0,0,0,0,0,0,0,0,0,0,0,0,0,0,0,0,0,0,0,0,0,0,0,0,0,0,0,0,0,0,0,0,0,0,0,0,0,0,0,0,0,0,0,0,0,0,0,0,0,0,0,0,0,0,0,0,0,0,0,0,0,0,0,0,0,0,0,0,0,0,0,0,0,0,0,0,0,0,0,0,0,0,0,0,0,0,0,0,0,0,0,0,0,0,0,0,0,0,0,0,0,0,0,0,0,0,0,0,0,0,0,0,0,0,0,0,0,0,0,0,0,0,0,0,0,0,0,0,0,0,0,0,0,0,0,0,0,0,0,0,0,0,0,0,0,0,0,0,0,0,0,0,0,0,0,0,0,0
0.221317,0.623708,0.576616,0.363159,0.277806,0.210575,0.246445,0.167366,0.369468,0.600326,0.624066,0.568273,0.616286,0.603637,0.296463,0.280602,0.239273,0.217275,0.315071,0.355429,0.338715,0.416715,0.328894,0.760017,0.580129,0.37946,0.328277,0.338681,0.314611,0.210973,0.242348,0.656819,0.565452,0.395754,0.508265,19.9148,1.86389,1.1783,0.400586,0.298092,0.249857,0.306676,0.335662,0.27106,0.274032,0.0502429,0.0503297,0.0788162,0.101761,0.179627,0.217694,0.151755,0.071466,0.120672,0.174446,0.164539,0.135737,0.0731243,0,0,0,0,0,0,0,0,0,0,0,0,0,0,0,0,0,0,0,0,0,0,0,0,0,0,0,0,0,0,0,0,0,0,0,0,0,0,0,0,0,0,0,0,0,0,0,0,0,0,0,0,0,0,0,0,0,0,0,0,0,0,0,0,0,0,0,0,0,0,0,0,0,0,0,0,0,0,0,0,0,0,0,0,0,0,0,0,0,0,0,0,0,0,0,0,0,0,0,0,0,0,0,0,0,0,0,0,0,0,0,0,0,0,0,0,0,0,0,0,0,0,0,0,0,0,0,0,0,0,0,0,0,0,0,0,0,0,0,0,0,0,0,0,0,0,0,0,0,0,0,0,0,0,0,0,0,0,0,0,0,0,0,0,0,0,0,0,0,0,0,0,0,0
0.220272,0.630707,0.589505,0.370957,0.26732,0.222856,0.291864,0.163358,0.375,0.562124,0.661972,0.64,0.711288,0.647258,0.310311,0.309527,0.249667,0.207489,0.308619,0.352754,0.362306,0.42395,0.310346,0.705454,0.576164,0.378795,0.323457,0.338011,0.316753,0.237311,0.225039,0.617561,0.524489,0.357305,0.567872,19.9202,1.77803,1.24658,0.40495,0.268869,0.232965,0.301823,0.321116,0.273451,0.273441,0.0511243,0.0501126,0.0784302,0.10023,0.178789,0.205759,0.139628,0.0669329,0.107295,0.147151,0.148523,0.119008,0.0664464,0,0,0,0,0,0,0,0,0,0,0,0,0,0,0,0,0,0,0,0,0,0,0,0,0,0,0,0,0,0,0,0,0,0,0,0,0,0,0,0,0,0,0,0,0,0,0,0,0,0,0,0,0,0,0,0,0,0,0,0,0,0,0,0,0,0,0,0,0,0,0,0,0,0,0,0,0,0,0,0,0,0,0,0,0,0,0,0,0,0,0,0,0,0,0,0,0,0,0,0,0,0,0,0,0,0,0,0,0,0,0,0,0,0,0,0,0,0,0,0,0,0,0,0,0,0,0,0,0,0,0,0,0,0,0,0,0,0,0,0,0,0,0,0,0,0,0,0,0,0,0,0,0,0,0,0,0,0,0,0,0,0,0,0,0,0,0,0,0,0,0,0,0,0
0.216975,0.599767,0.607133,0.387142,0.269357,0.237401,0.299096,0.17874,0.36984,0.614884,0.699573,0.678543,0.950544,0.690787,0.305248,0.278387,0.283053,0.220855,0.32641,0.358117,0.354412,0.43253,0.326921,0.632072,0.616287,0.391365,0.333607,0.353503,0.338224,0.2625,0.226356,0.604832,0.581128,0.428941,0.644867,19.9455,1.8116,1.28503,0.427857,0.290904,0.259568,0.330757,0.309559,0.271042,0.245805,0.0492621,0.0498642,0.0788241,0.104674,0.181877,0.204875,0.128811,0.0761069,0.120851,0.17291,0.158088,0.117149,0.0788721,0,0,0,0,0,0,0,0,0,0,0,0,0,0,0,0,0,0,0,0,0,0,0,0,0,0,0,0,0,0,0,0,0,0,0,0,0,0,0,0,0,0,0,0,0,0,0,0,0,0,0,0,0,0,0,0,0,0,0,0,0,0,0,0,0,0,0,0,0,0,0,0,0,0,0,0,0,0,0,0,0,0,0,0,0,0,0,0,0,0,0,0,0,0,0,0,0,0,0,0,0,0,0,0,0,0,0,0,0,0,0,0,0,0,0,0,0,0,0,0,0,0,0,0,0,0,0,0,0,0,0,0,0,0,0,0,0,0,0,0,0,0,0,0,0,0,0,0,0,0,0,0,0,0,0,0,0,0,0,0,0,0,0,0,0,0,0,0,0,0,0,0,0,0
0.220852,0.621603,0.579855,0.364266,0.254543,0.236581,0.337969,0.175599,0.337517,0.630631,0.667886,0.618251,0.775209,0.651368,0.303241,0.266245,0.280157,0.208758,0.309344,0.354134,0.384762,0.439381,0.277646,0.593117,0.636516,0.372128,0.312482,0.338919,0.317384,0.247668,0.23269,0.637955,0.593068,0.40252,0.59531,19.9526,1.87793,1.24703,0.448258,0.282116,0.290622,0.334942,0.325052,0.270102,0.236627,0.0501639,0.0506709,0.0833504,0.110552,0.19231,0.219489,0.139134,0.0919554,0.140426,0.199621,0.17684,0.131374,0.0828938,0,0,0,0,0,0,0,0,0,0,0,0,0,0,0,0,0,0,0,0,0,0,0,0,0,0,0,0,0,0,0,0,0,0,0,0,0,0,0,0,0,0,0,0,0,0,0,0,0,0,0,0,0,0,0,0,0,0,0,0,0,0,0,0,0,0,0,0,0,0,0,0,0,0,0,0,0,0,0,0,0,0,0,0,0,0,0,0,0,0,0,0,0,0,0,0,0,0,0,0,0,0,0,0,0,0,0,0,0,0,0,0,0,0,0,0,0,0,0,0,0,0,0,0,0,0,0,0,0,0,0,0,0,0,0,0,0,0,0,0,0,0,0,0,0,0,0,0,0,0,0,0,0,0,0,0,0,0,0,0,0,0,0,0,0,0,0,0,0,0,0,0,0,0
0.223573,0.694624,0.553432,0.393345,0.286077,0.252821,0.388569,0.174706,0.330496,0.526921,0.606952,0.57599,0.716867,0.597015,0.286861,0.285051,0.257596,0.21652,0.343844,0.394447,0.425328,0.424063,0.296644,0.714252,0.607709,0.387466,0.320341,0.320098,0.315443,0.254808,0.243247,0.642193,0.589177,0.365106,0.502145,19.9689,1.9208,1.38682,0.449481,0.306652,0.324765,0.396143,0.369191,0.279819,0.243288,0.0557195,0.0553006,0.0961937,0.122008,0.212517,0.256038,0.171973,0.0949084,0.154874,0.232388,0.189617,0.150233,0.095888,0,0,0,0,0,0,0,0,0,0,0,0,0,0,0,0,0,0,0,0,0,0,0,0,0,0,0,0,0,0,0,0,0,0,0,0,0,0,0,0,0,0,0,0,0,0,0,0,0,0,0,0,0,0,0,0,0,0,0,0,0,0,0,0,0,0,0,0,0,0,0,0,0,0,0,0,0,0,0,0,0,0,0,0,0,0,0,0,0,0,0,0,0,0,0,0,0,0,0,0,0,0,0,0,0,0,0,0,0,0,0,0,0,0,0,0,0,0,0,0,0,0,0,0,0,0,0,0,0,0,0,0,0,0,0,0,0,0,0,0,0,0,0,0,0,0,0,0,0,0,0,0,0,0,0,0,0,0,0,0,0,0,0,0,0,0,0,0,0,0,0,0,0,0
0.22878,0.66565,0.522508,0.392814,0.288554,0.22417,0.354169,0.195805,0.299827,0.496738,0.616544,0.585775,0.768428,0.616172,0.263201,0.283955,0.238504,0.222156,0.347668,0.395841,0.416517,0.469661,0.294773,0.567583,0.500092,0.380339,0.32804,0.324867,0.309696,0.251918,0.234307,0.641511,0.57254,0.364738,0.620962,19.9485,1.86552,1.70428,0.427995,0.321814,0.330493,0.402143,0.391338,0.295596,0.258814,0.0558104,0.0604836,0.100588,0.124642,0.214673,0.253153,0.170953,0.11648,0.164503,0.237978,0.197521,0.142656,0.0949145,0,0,0,0,0,0,0,0,0,0,0,0,0,0,0,0,0,0,0,0,0,0,0,0,0,0,0,0,0,0,0,0,0,0,0,0,0,0,0,0,0,0,0,0,0,0,0,0,0,0,0,0,0,0,0,0,0,0,0,0,0,0,0,0,0,0,0,0,0,0,0,0,0,0,0,0,0,0,0,0,0,0,0,0,0,0,0,0,0,0,0,0,0,0,0,0,0,0,0,0,0,0,0,0,0,0,0,0,0,0,0,0,0,0,0,0,0,0,0,0,0,0,0,0,0,0,0,0,0,0,0,0,0,0,0,0,0,0,0,0,0,0,0,0,0,0,0,0,0,0,0,0,0,0,0,0,0,0,0,0,0,0,0,0,0,0,0,0,0,0,0,0,0,0
0.237003,0.744146,0.542012,0.378549,0.276807,0.223662,0.33112,0.199099,0.322784,0.524864,0.663999,0.640065,0.894827,0.629909,0.257913,0.272713,0.244046,0.208354,0.335221,0.402838,0.39258,0.44256,0.291282,0.691586,0.594598,0.348259,0.321952,0.29722,0.285605,0.220312,0.221654,0.598784,0.55072,0.373031,0.532418,19.9553,1.97001,1.59817,0.427249,0.30039,0.300059,0.364762,0.367009,0.283207,0.251566,0.0572625,0.0615586,0.100984,0.126341,0.227804,0.274655,0.188256,0.106087,0.160089,0.236802,0.232331,0.129891,0.0950075,0,0,0,0,0,0,0,0,0,0,0,0,0,0,0,0,0,0,0,0,0,0,0,0,0,0,0,0,0,0,0,0,0,0,0,0,0,0,0,0,0,0,0,0,0,0,0,0,0,0,0,0,0,0,0,0,0,0,0,0,0,0,0,0,0,0,0,0,0,0,0,0,0,0,0,0,0,0,0,0,0,0,0,0,0,0,0,0,0,0,0,0,0,0,0,0,0,0,0,0,0,0,0,0,0,0,0,0,0,0,0,0,0,0,0,0,0,0,0,0,0,0,0,0,0,0,0,0,0,0,0,0,0,0,0,0,0,0,0,0,0,0,0,0,0,0,0,0,0,0,0,0,0,0,0,0,0,0,0,0,0,0,0,0,0,0,0,0,0,0,0,0,0,0
0.235052,0.702186,0.569731,0.407749,0.298291,0.231106,0.349836,0.190141,0.346194,0.523856,0.691447,0.640868,0.984818,0.627616,0.272381,0.287624,0.222084,0.206756,0.34518,0.417285,0.435978,0.384259,0.2972,0.680693,0.524635,0.354537,0.311413,0.29705,0.299662,0.195047,0.212379,0.559327,0.491991,0.364915,0.596727,19.9521,2.02129,1.50249,0.526631,0.351785,0.317192,0.401326,0.402069,0.313755,0.293143,0.0695342,0.0727074,0.111251,0.135899,0.250455,0.293859,0.208681,0.114623,0.145837,0.232041,0.216692,0.14237,0.0958571,0,0,0,0,0,0,0,0,0,0,0,0,0,0,0,0,0,0,0,0,0,0,0,0,0,0,0,0,0,0,0,0,0,0,0,0,0,0,0,0,0,0,0,0,0,0,0,0,0,0,0,0,0,0,0,0,0,0,0,0,0,0,0,0,0,0,0,0,0,0,0,0,0,0,0,0,0,0,0,0,0,0,0,0,0,0,0,0,0,0,0,0,0,0,0,0,0,0,0,0,0,0,0,0,0,0,0,0,0,0,0,0,0,0,0,0,0,0,0,0,0,0,0,0,0,0,0,0,0,0,0,0,0,0,0,0,0,0,0,0,0,0,0,0,0,0,0,0,0,0,0,0,0,0,0,0,0,0,0,0,0,0,0,0,0,0,0,0,0,0,0,0,0,0
0.232537,0.647255,0.587177,0.406692,0.291793,0.232214,0.320139,0.172422,0.333483,0.543284,0.677931,0.645762,0.918,0.626429,0.263322,0.261117,0.22876,0.211112,0.342004,0.427485,0.502169,0.456856,0.350708,0.618802,0.498616,0.346919,0.311164,0.289114,0.28163,0.181925,0.206206,0.529302,0.50079,0.366621,0.569685,19.9564,1.91529,1.39415,0.479822,0.313554,0.316845,0.367015,0.347147,0.270713,0.239559,0.0645256,0.0664655,0.102579,0.129929,0.232273,0.271613,0.190378,0.0925618,0.135926,0.210813,0.195892,0.152076,0.106718,0,0,0,0,0,0,0,0,0,0,0,0,0,0,0,0,0,0,0,0,0,0,0,0,0,0,0,0,0,0,0,0,0,0,0,0,0,0,0,0,0,0,0,0,0,0,0,0,0,0,0,0,0,0,0,0,0,0,0,0,0,0,0,0,0,0,0,0,0,0,0,0,0,0,0,0,0,0,0,0,0,0,0,0,0,0,0,0,0,0,0,0,0,0,0,0,0,0,0,0,0,0,0,0,0,0,0,0,0,0,0,0,0,0,0,0,0,0,0,0,0,0,0,0,0,0,0,0,0,0,0,0,0,0,0,0,0,0,0,0,0,0,0,0,0,0,0,0,0,0,0,0,0,0,0,0,0,0,0,0,0,0,0,0,0,0,0,0,0,0,0,0,0,0
0.234707,0.655949,0.601914,0.399423,0.281542,0.227935,0.304871,0.193007,0.345045,0.558112,0.660907,0.666282,0.939454,0.57072,0.214546,0.230417,0.213736,0.243166,0.359689,0.481042,0.513541,0.480423,0.346902,0.725831,0.535566,0.379271,0.307478,0.293837,0.298092,0.197119,0.218388,0.561735,0.52801,0.41317,0.592827,19.9509,1.93982,1.31901,0.480054,0.315651,0.303536,0.340099,0.308619,0.228285,0.218193,0.0602458,0.0637399,0.0967392,0.125572,0.227949,0.264691,0.191895,0.0831126,0.117447,0.195263,0.204876,0.162589,0.0974687,0,0,0,0,0,0,0,0,0,0,0,0,0,0,0,0,0,0,0,0,0,0,0,0,0,0,0,0,0,0,0,0,0,0,0,0,0,0,0,0,0,0,0,0,0,0,0,0,0,0,0,0,0,0,0,0,0,0,0,0,0,0,0,0,0,0,0,0,0,0,0,0,0,0,0,0,0,0,0,0,0,0,0,0,0,0,0,0,0,0,0,0,0,0,0,0,0,0,0,0,0,0,0,0,0,0,0,0,0,0,0,0,0,0,0,0,0,0,0,0,0,0,0,0,0,0,0,0,0,0,0,0,0,0,0,0,0,0,0,0,0,0,0,0,0,0,0,0,0,0,0,0,0,0,0,0,0,0,0,0,0,0,0,0,0,0,0,0,0,0,0,0,0,0
