sbt1_1956,sbt1_1957,sbt1_1958,sbt1_1959,sbt1_1960,sbt1_1961,sbt1_1962,sbt1_1963,sbt1_1964,sbt1_1965,sbt1_1966,sbt1_1967,sbt1_1968,sbt1_1969,sbt1_1970,sbt1_1971,sbt1_1972,sbt1_1973,sbt1_1974,sbt1_1975,sbt1_1976,sbt1_1977,sbt1_1978,sbt1_1979,sbt1_1980,sbt1_1981,sbt1_1982,sbt1_1983,sbt1_1984,sbt1_1985,sbt1_1986,sbt1_1987,sbt1_1988,sbt1_1989,sbt1_1990,sbt1_1991,sbt1_1992,sbt1_1993,sbt1_1994,sbt1_1995,sbt1_1996,sbt1_1997,sbt1_1998,sbt1_1999,sbt1_2000,sbt1_2001,sbt1_2002,sbt1_2003,sbt1_2004,sbt1_2005,sbt1_2006,sbt1_2007,sbt1_2008,sbt1_2009,sbt1_2010,sbt1_2011,sbt1_2012,sbt1_2013,sbt1_2014
8749.79,6248.01,11440,8845.65,6472.88,5095.26,6591.39,11631.3,19931.8,18164.2,18411.1,12242.8,7087.9,5204.8,3577.06,3904.55,11015.1,17271.7,17989.2,13657.1,8584.91,6920.39,5533.45,9269.29,7566.11,6532.01,7961.13,6956.16,5045.85,3962.86,15780.9,18725,13361.6,9150.22,7803.32,1020.34,6666.68,3749.32,2598.76,2897.83,3940.65,3927.29,3155.6,2329.24,1733.03,3397.89,4405.73,4504.46,3882.66,2959.78,1919.71,1175.73,2305.75,3429.5,3726.87,3340.99,3483.27,4089.73,5493.01
8749.79,6248.01,11440,8845.65,6472.88,5095.26,6591.39,11631.3,19931.8,18164.2,18411.1,12242.8,7087.9,5204.8,3577.06,3904.55,11015.1,17271.7,17989.2,13657.1,8584.91,6920.39,5533.45,9269.29,7566.11,6532.01,7961.13,6956.16,5045.85,3962.86,15780.9,18725,13361.6,9150.22,7803.32,1020.34,6666.68,3749.32,2598.76,2897.83,3940.65,3927.29,3155.6,2329.24,1733.03,3397.89,4405.73,4504.46,3882.66,2959.78,1919.71,1175.73,2305.75,3429.5,3726.87,3340.99,3483.27,4089.73,5493.01
8771.11,6197.66,11216.6,8749.69,6381.04,4908.91,6678.48,10986.9,20108.2,18378.5,18388.6,12358.1,7205.09,5239.18,3586.49,3858.49,10865.5,17466.2,18281.4,13992.2,8695.27,6939.46,5541.83,9154.17,7373.07,6162.4,7913.59,6963.1,5027.38,3967.21,15547.9,18610.5,13189.1,9241.48,7876.58,1018.98,6521.25,3821.39,2547.69,2901.82,3935.32,3983.94,3222.16,2385.2,1746.19,3342.26,4404.05,4522.51,3928.24,3014.77,1971.93,1216.27,2549.52,3641.33,3951.27,3558.29,3868.84,4334.3,5337.57
9150.36,7232.48,12043.5,10518,7894.95,5935.97,6894.99,10296.9,21683.1,22453.8,21159.8,13905.8,7725.99,5664.11,4291.72,4775.1,11480.6,17902.8,19036.3,14889.5,9494.18,7116.63,6151.36,9172.92,7344.84,7532.88,8467.97,7823.34,5928.12,4809.15,17372.5,21015.7,14847.8,9317.58,7336.6,1073.73,7188.16,4105.25,2899.76,3203.65,4603.72,4625.15,3774.47,2781.45,2084.51,3974.25,5153.05,5286.25,4518.91,3517.77,2348.75,1456.21,2823.3,4188.26,4640.05,4225.46,4027.13,4701.75,6192.87
9314.21,7120.88,14103.1,12117.6,9230.23,7486.55,8573.93,13767.8,22937,22247,21981.9,15091.1,9161.44,6505.57,4369.09,4580.28,12496.5,17986.5,18761.7,14123.1,9381.78,7517.78,6202.17,10040.5,7808.9,8079.61,9449.59,8600.99,6328.39,5002.5,19764.9,22707.9,16059.7,10363.9,8649.97,1046.2,6112.35,4548.39,3388.29,4260.79,5002.1,4830.06,4050.27,3095.44,2287.54,4334.07,5694.22,5890.57,5202.82,4187.64,2959.1,2007.26,3758.34,5479.69,5833.15,5022.39,4921.64,5583.91,14264.3
9259.96,6940.2,13786,11803.5,9107.58,6914.03,6660.44,14202.5,23840.3,20526.4,21418.1,15027.4,9508.5,6677.22,4728.23,4326.6,11377.4,17797.2,19943.4,15653.5,10490,8012.69,6398.27,10052.3,8177.39,8289.13,9463.74,8535.06,6602.3,5315.04,16970.1,21522.6,16223.6,11769.2,9120.53,1057.87,6485.96,4683.19,3576.17,4152.37,5484.07,5526.42,4559.17,3486.79,2586.77,4652.85,6045.84,6154.91,5599.09,4720.29,3425.49,2343.98,4408.56,5922.61,6317.52,5364.63,5617.06,6272.02,14517.7
9604.62,7170.61,13318,11308.7,8641.72,6309.5,6637.47,12124.9,18961.5,17968.2,19999.8,13900,9131.63,6338.53,4214.79,4049.16,11556.9,18205.7,18518.9,14127.1,9618.09,7647.74,6737.72,9569.79,9444.1,8475.89,9598.59,8385.14,5962.09,4732.5,17716.9,21244.8,15692.5,11097.3,8587.44,1025.73,7770.69,4955.8,3392.11,3836.17,4761.97,4957.5,4293.19,3372.91,2537.42,4300.28,5778.02,6017.23,5524.54,4604.81,3297.11,2241.36,4059.29,5476.87,5789.86,5055.57,4994.89,5370.13,9234.02
9428.85,6939.56,12542.8,11209,8806.62,6532.08,7043.07,10996.6,19915.4,18761.7,22104.6,15633.3,10059.5,6901.9,4511.39,4349.4,12444.8,18194.7,18706.7,14247.7,10531.2,8318.92,6544.11,11146.8,9765.95,8023.26,9431.08,8323.21,6263.76,4980.37,18584.7,21204.4,15540.5,11151,8519.73,1052.44,7334.79,4770.39,3312.84,3658.97,4731.41,4683.59,3931.54,2984.99,2206.18,4382.54,6256.97,6665.47,6389.08,5507.42,4084.08,2927.72,4374.47,5816.27,6549.38,6025.12,5968.18,6612.96,8026.51
9618.76,6903.08,13694.9,11667.3,8859.61,6649.6,6778.33,13405.6,22583.2,21744.6,21150.3,14660.7,9416.96,6529.28,4733.05,4669.99,11197.8,18302.2,19562.6,15282.5,9887.82,8636.48,7438.35,11231.9,9641.73,8464.56,9279.49,8878.14,7271.76,5903.03,17173.6,21186.7,15834.7,11783.4,8763.93,1102.43,7174.26,4466.81,2993.71,3630.28,4654.55,4739.86,3941.94,2977.58,2236.56,4496.14,6258.33,6860.8,6438.29,5356.73,3864.56,2657.76,3997.95,5494.77,6112.23,5533.93,5849.34,6647.22,6817.27
9617.06,6479.53,12847.2,11081.2,8984.13,6928.44,7249.32,11462,20452.2,22536.1,23108.5,15449.1,9366.32,6017.41,4549.69,4608.13,10613.6,17587.1,18172,14317.6,9780.87,8006.53,7058.74,10150.5,8114.28,7338.93,8870.63,8767.36,6711.37,5067.32,17051,19176,15516.8,11574.2,8904.17,1078.08,6678.73,3960.52,2671.08,2694.45,4285.75,4597.72,3783,2788.66,2227.12,4477.76,5842.85,6134.9,5694.7,4769.77,3428.8,2315.5,3466.03,5047.47,5480.61,5165.33,5582.48,6095.81,7032.87
9868.06,6689.24,12477.2,10327.9,8104.39,6237.22,7290.11,12952.8,20272.1,18622.7,20869.2,14181.6,8697.66,5914.72,4279.2,4269.07,11649.3,17189.9,17762.3,14218,9762.15,8466.38,8094.49,10421.9,7619.36,8503.89,10013.8,9393.54,7421.76,5637.16,17139.4,19903.2,13907.8,9634.74,8712.58,1056,6891.86,4367.39,2435.9,3261.62,4588.44,4555.83,3626.39,2688.69,2085.93,4206.03,5544.63,5748.71,5159.54,4248.75,2959.46,2046.07,3784.35,5367.55,5960.36,5367.06,5356.77,6011.34,6022.77
9505.43,6185.02,13209.2,10987.8,8009.39,6300.54,7063.38,12079.6,23608.7,21069.8,21407.3,14457,8926.08,5853.37,4223.04,5022.18,11116.3,17708.5,18833,14687.4,9436.84,8505.35,8718.67,11839.3,8845.29,7642.88,9617.36,9765.2,7817.59,6289.51,16397.6,20002,14370.6,9822.36,7673.72,1014.46,6974.77,4274.78,2495.93,2715.67,4393.71,4754.87,4066.32,3313.59,2552.27,4622.01,6505.14,7079.75,6643.2,5551.29,4009.37,2809.16,4503.47,6234.25,6750.47,6368.83,6242.12,7542.81,7643.87
9882.34,6143.16,12932.8,11387.3,8880.68,6673.33,9665.78,15628,25559.6,23036.3,21889.9,15112.9,10090.4,7107.56,4951.76,4991.98,11750.7,16609.3,18137.3,14688.4,10051.9,9789.48,9521.87,12315.3,9480.17,7424.36,10056.8,10432.1,8491.72,6706.68,17480.7,19637,14612.1,9766.87,7070.39,1039.45,7386.48,4478.94,2636.51,2718.43,4774.84,5511.95,4824.68,3882.74,2994.86,5128.81,6637.32,6997.87,6174.89,5037.91,3536.14,2492.01,4423.5,6503,6998.35,6239.86,6422.22,8436.2,9737.6
9359.61,6961.79,12598.9,10448.4,8119.9,6310.32,9278.83,14714.1,26721.5,25235.9,23971.3,16257.1,10927.2,7794.45,5223.74,5528.91,11123.8,17153.5,18384,14994.5,10459.5,9474.48,9512.57,13003.5,10062.8,8502.58,10690,10427.9,8193.93,6314.39,17343,20999.7,15877.8,11117.1,8419.39,1013.8,7291.16,4424.6,2601.04,2794.82,4296.09,5211.21,4575.76,3655.35,2888.46,5455.54,6982.2,7107.53,6135.97,4859.41,3317.77,2333.04,4164.95,6299.57,6750.55,6070.01,6279.79,7756.21,9420.6
9705.68,6919.12,12730.2,10216.9,7141.18,6165.22,7881.27,13201.1,25774.2,25558,23739.5,16100.1,10699.2,7530.3,5066.9,4994.63,10446.2,16544.3,17131.6,13833.2,10167.3,8785.78,9416.63,12453.5,9524.58,7599.12,10421.1,9867.5,7542.24,5711.04,16317,20719.6,15591.3,10388.7,7984.31,1015.6,6233.68,4251.84,2549.88,2887.9,4292.16,4976.78,4330.1,3465.19,2794.67,5031.46,6617.25,6798.32,5835.99,4599.16,3090.24,2017.58,3690.04,5177.67,5500.41,5338.77,5394.36,7844.2,9328.22
9659.53,7217.52,13096.9,11171.8,8178.3,7197.22,8082.45,14242.1,26551.1,24876.6,25015.6,17189.8,11503.9,8140.25,5754.94,5227.63,12705.2,17870.3,18471.1,14810.2,11741.9,10745.6,10209,11795.7,9563.05,8012.23,10880.8,10333.9,8028.78,6073.75,18770.2,22216.5,15920.4,11613,8743.59,1049.82,6029.88,4340.89,3169.74,3226.23,4597.64,4906.12,4141.96,3373.45,3024.33,5368.23,7057.38,7310.57,6329.89,5196.99,3653.59,2512.91,4207.31,6330.55,6877.22,6696.9,7139.37,8472.87,9501.8
9295.02,7213.11,12775.5,10149.7,7448,6743.32,7421.1,12869,25557.9,24104.9,24235,16474.7,10689.2,7564.81,5331.66,5085.49,11859.9,19468.9,20223.5,15798.2,12072.6,10151.6,9668.71,10868,9344.44,8149.07,10935.5,9992.88,7845.98,5898.97,19401.3,22389.2,16065.3,11377.3,8235.62,1025,5923.18,4188.68,3218.95,3242.38,5009.85,5404.75,4619.55,3785.4,3245.09,5750.93,7348.5,7696.72,6715.68,5580.63,4006.81,2795.51,6386.75,8522.77,9026.98,8372.93,7954.7,9568.69,11108
9729.74,6644.35,12211.2,9413.1,7389.63,7114.64,7802.9,12823.6,25072.1,23829,24182.3,16414.2,10865.4,7613.14,5315.22,4625.31,11554.3,18844.4,19809.4,15466.1,10776.6,9378.01,9282.52,10712.2,8357.81,8028.28,10416.7,9408.71,7305.48,5470.64,17898.4,21796.8,15449.9,10135.7,9571.4,1097.71,5650.66,4131.15,3174.33,3346.73,4913.1,5070.18,4315.42,3399.18,3076.54,5496.68,6918.7,7404.61,6531.51,5424.35,3859.81,2705.46,4703.69,6786.5,7515.75,7132.85,7025.7,8902.06,10098.4
9423.12,7948.34,13187.4,10158.2,7443.51,7328.63,8361.89,12966.9,24188.5,24165.2,22374.6,16225.8,11072.5,8225.8,5676.94,4756.13,12468.8,19158.6,19354.7,14783.7,10375.3,9147.59,9484.04,11900.2,8577.37,9403.74,11104.4,9780.41,7366.99,5285.33,19251.5,23027.6,15990.3,10678.2,8702.11,996.352,5291.43,4506.61,3477.58,4043.76,5216.75,5295.44,4370.71,3443.93,3069.61,5800.14,7222.34,7293.81,6206.84,5086.98,3591.59,2475.74,3859.46,5687.86,6913.59,6738.18,6855.85,8275.79,8829.39
9395.59,8336.67,13169.5,10292.9,7423.87,7382.12,8640.5,13742.1,24992.2,25775.4,23464.8,16095,10476.9,7745.3,5474.66,4715.21,12121.3,19833.1,19916.3,15204,10360.8,9054.14,9764.15,12500.3,9022.54,8905.72,11011.7,9915.63,7533.1,5445.43,19302.1,22930,15848,10679.6,8927.76,1012.23,5431.49,4344.8,3446,4088.01,5426.84,5462.93,4571.89,3610.29,3153.56,5629.35,7070,7194.66,6165.76,5107.49,3642.68,2531.71,3873.22,5729.4,6885.51,6809.28,7171.96,8341.39,8591.14
9899.93,7796.23,12455.6,9572.08,6913.49,6966.41,8237.77,12850.2,25021.8,24517.7,21734.8,14825,9547.28,7198.94,5172.09,4524.93,11717.8,19215.6,19648.5,14997.8,9798.29,8993.05,9673.9,12538.1,8725.95,9177.44,11396.3,10148.7,7621.62,5475.83,19386.1,22158.3,14728.5,9696.02,9031.57,1053.3,5232.38,4302.59,3384.73,3969.86,5268.05,5227.13,4334.51,3420.79,3159.46,5540.07,6912.74,6959.8,5916.67,4835.08,3376.97,2346.79,3663.41,5193.35,6292.84,6259.18,6523.88,7961.6,8405.52
10283.7,7984.45,12593.4,9772.59,7024.79,7307.5,8137.02,12650.1,25974.1,24608.1,22081.9,14752.8,9700.99,7173.38,5132.2,4473.75,11465.3,18181.6,19632.5,15105.6,9839.63,8526.82,9347.83,13034,9692.2,8655.34,10633.5,9483.36,7208.78,5488.27,18956,21868.7,15130.9,9500.83,8421.79,1013.03,5284.79,4460.77,3301.94,3826.38,5156.58,5017.69,4269.15,3405.55,3089.11,5329.21,6892.26,7033.14,6035.52,4910.15,3410.64,2385.2,4166.22,5791.23,6835.45,6534.87,7248.04,8385.26,8636.52
10112.7,7680,12357.3,9635.26,6911.95,6721.05,8087.53,12397.9,25417.4,24135.1,21590.1,14428.6,9354.44,7180.89,5246.36,4684.74,11422.9,19702.7,21260,16353.8,10680.6,9583.27,9475.06,13054.2,9859.76,9545.8,11020.3,9845.41,7568.46,5679.13,18288.8,20877,14911.9,9375.37,8196.96,1010.5,5283.37,4341.44,3445.99,3933.96,5321.43,5252.21,4480.94,3599.88,3051.11,5208.16,6644.18,6774.9,5802.98,4943.42,3582.35,2581.25,4211.88,5655.85,6682.48,6742.65,7095.69,8726.41,9216.83
10215.5,7569.62,11375.9,9197.65,6722.36,6559.28,7506.44,12541.5,23273.8,22168.7,21160.4,13598.1,8641.07,6444.44,4679.54,4395.93,12427.9,19540.3,22396.1,18178.2,12363.4,9980.14,9446.28,12756.7,10075.4,8242.61,10121.6,9915.55,8044.56,6164.27,16977.5,19728.4,14047.9,9216.67,8056.51,991.561,5434.81,4381.61,3596.91,4216.95,5575.72,5504.71,4749.83,3718.02,3290.09,5743.11,7424.8,7649.37,6598.88,5310.66,3702.68,2732.72,4297.52,6576.06,7489.4,7253.07,6995.44,9990.23,10787.4
10676.3,7773.43,12150.9,9356.15,6663.55,6497.96,7800.97,14298.4,22266.3,21788.9,21522.3,13761.3,8843.38,6665.69,4528.27,4805.31,12651.9,22351.2,23537.4,18506.4,12847.2,10693.2,10167.8,12942.5,10321.5,8852.12,9995.01,9577.68,7697.6,5752.43,16687.3,19781,15290.3,10462.8,8893.41,1024.29,5165.23,5355.88,4353.2,4907.25,6060.1,5729.24,4923.82,3869.25,3431.3,5976.55,7942.52,8298.64,7251.75,5956.09,4265.52,3229.72,5022.91,7659.36,8674.4,8844.47,8382.5,10589.4,10723.6
9966.62,7373.09,11804.7,9068.42,6533.49,6930.59,7928.08,13918.6,22611.2,19525.4,20867.1,13697.5,8580.83,6395.46,4380.14,4816.96,12707.8,22078.5,22882.4,17549.1,11430.2,9317.92,10698.6,13179.1,10967.7,8988.11,9797.1,9185.07,7315.35,5605.44,16294.1,19835.9,13486.4,9350.95,8740.43,1032.17,5193.88,4751.96,4028.54,4701.47,5464.46,5486.87,4769.59,3801.02,3170.76,5469.9,7318.05,7695.68,6737.21,5531.71,3926.09,2868.81,6207.08,8746.67,9238.34,8664.28,7977.36,11440.1,12286.5
9572.02,6635.27,11250.5,9828.44,7338.9,6437.4,7250.56,16260.5,24552.7,20648.8,20500.7,13049.2,8717.3,6594.32,4774.71,4714.22,13073.5,20040.3,21287.1,16250.3,11175.7,9059.74,10028.4,13164.5,10108.6,7781.41,9443.78,8702.56,6686.21,4987.7,17117.6,19536.1,13122.3,9546.79,8534.12,1009.75,5130.9,4774.38,4106.41,4580.73,5593.46,5665.43,4872.75,3880.98,3433.07,5858.68,7604.85,7990.16,7008.59,5671.58,3991.3,2930.2,5707.02,7782.26,8229.64,7630.94,7120.85,11976.2,13650.7
9380.9,6530.13,11208.2,9958.19,7389.02,5878.13,7316.14,15313.5,26325.6,23778.3,20917.3,13936.9,8355.78,6190.65,4306.15,4339.33,12571.6,19442.1,19763.5,15028.9,9978.88,8949.04,9322.56,12283.1,9417.67,7390.77,9369.41,8463.99,6818.64,5524.33,17333.3,19181.9,12670.1,10662.7,8863.89,1039.14,5447.48,4274.96,3797.52,4351.42,6484.15,6979.66,6115.15,4894.55,3914.38,5953.76,7583.68,7976.85,7034.46,5720.15,4060.02,2943.78,4866.16,6974.51,7336.67,7785.49,7759.58,12010.3,13339.4
9718.92,6200.36,11184.7,9711.09,7455.15,5552.05,6512.27,13151.3,25427.4,23060.9,20864.9,13704.7,7858.05,5619.99,3938.7,4045.83,11127.6,17293.4,17789.2,13470.7,8457.95,8947.7,8587.72,11286.1,8497.37,7011.1,8975.26,8098.95,6564.57,5007.79,16280.8,17995.3,12344.5,8141.69,6744.24,971.952,5102.6,3826.72,3466.39,4173.01,5914.21,6338.79,5492.46,4361.5,3658.43,6004.76,7250.4,7413.35,6382.51,5113.97,3549.02,2651.18,4436.68,5896.82,6368.77,6808.02,7141.57,9469.59,10820.8
9576.82,6385.85,11420.5,9441.5,7676.73,5672.39,7422.29,12927.6,25697.8,23446.8,21041.1,13868.8,7890.9,5892.73,3914.23,4801.79,10952.4,18708.1,18952.3,14628.4,9991.17,9005.24,9221.19,12634,9477.56,7601.14,9476.48,8492.82,6808.94,5205.79,14891.9,17113.7,12233.8,8104.02,7473.45,990.29,5092.07,3553.76,3647.94,4153.47,5809.86,6128.03,5241.98,4120.3,3600.15,6366.89,7659.22,7957.57,6948.88,5725.34,4091.07,2966.94,4598.66,6833.03,7548.15,7561.98,7329.51,12743,14593
9787.23,6641.96,12684.2,10368.5,8092.5,5743.92,8750.68,13053.9,26288.2,24743.4,22253.6,14298.4,8274.79,5855.07,3764.67,4497.7,11396.8,18351.1,19737.9,15423.7,11609,9899.22,9089.78,12622.7,9829.28,8251.26,10031.9,8716.37,6578.35,5723.96,16430.3,17648.7,12069.7,8815.7,8639.72,1037.71,5246.48,4159.63,3573.35,4104.9,5278.77,5454.49,4579.18,3582.33,3012.13,6016.92,7420.89,7879.11,6988.86,5801.43,4174.94,3020.89,6033.4,8119.97,8522.52,7818.25,7622.1,12477,14117
10163.3,8850.31,13385.8,10447.9,8009.29,5765.96,8207.7,13468,24195.3,21917.1,21010.6,13686.9,7864.29,6077.09,4228.05,5377.28,13190.4,20883.2,20877.7,15797.3,11262.1,9531.76,8768.91,13010.8,10512.2,8893.94,10202.1,9029.07,7014.34,6322.57,16817.6,18344.4,13043.9,9764.09,8926.86,1041.9,5741.65,5053.36,3976.98,4205.23,5793.55,5899.18,5148.17,4143.21,3369.94,7149.74,8842.49,9091.1,7925.61,6475.37,4638.64,3326.84,5156.48,7742.69,8412.43,7528.09,7532.23,10506.2,11873
10328.9,8062.38,12254.6,9829.22,7291.2,4911.21,8131.73,15349.7,25590.7,22625.3,21676.5,14066.2,7977.15,5706.07,3815.01,4520.85,12215.4,18951.9,18458.5,13554.1,8864.12,8235.55,7837.7,11094.5,9156.47,7832.73,9762.55,8613.18,6667.49,6714.32,17111.3,18604.4,13049.7,10607.1,8329.5,1063.63,5572.14,4637.44,3584.17,3741.22,5409.6,5536.66,4623.99,3633.95,3144.42,6204.06,7702.67,7913.79,6913.55,5727.96,4119.35,2977.92,5276.4,7807.46,8248.24,7280.89,7834.06,9886.58,10753.3
10478,7570.9,12611.7,10488.1,7836.09,5447.66,8000.1,16109.3,27874.1,26177.9,22788.1,13831.4,7800.57,5709.33,4021.32,5531.01,12915,19150.7,18672.7,13912.5,8642.16,8718.66,8486.26,12105.1,9856.63,8214.21,10317.7,9156.55,7180.44,7165.15,17893.8,20881.7,14856.8,10508.4,7984.8,1018.89,5546.71,4797.01,3765.86,3812.91,4917.07,5135.23,4371.65,3457.35,2808.02,6562.71,8275.44,8712.42,7748.73,6244.32,4409.54,3195.38,6290.45,9067.47,9573.87,8479.26,9582.3,12807.8,13788.5
10651,8146.56,13579.2,11267.7,8195.08,5565.48,8483.7,18254.6,28092.3,25379.6,22769.8,14860.4,8652.79,5818.98,4443.15,5045.91,13248.2,19607.4,19690.9,14461.6,10886.6,9798.92,8240.52,10635.4,8294.14,9061.76,10629.2,9473.93,7389.58,6874.54,17476.7,19365.7,14481.4,10239.5,7958.96,1019.38,6003.63,4345.01,3654.22,3842.02,4946.26,5038.44,4179.93,3260.79,2675.77,6193.42,7860.6,8075.97,7140.2,5650.53,3877.3,2699.1,5453.23,7800.76,8295.45,7153.95,8246.28,13172.3,16428.1
10012.1,7160.99,13130.2,11168.9,8331.43,5794.5,9416.82,18020.8,30114.2,28233.6,25167.6,17214.9,10783,7037.64,4713.76,5360.42,14500.1,19974.9,18719.8,14641.1,10382.2,9420.05,8755.35,10585.7,9178.95,9074.67,10728.2,9798.1,7585.86,6342.64,18594.5,20735.7,15146.7,10835.4,7730.76,1083.53,5703.13,4591.77,3367.44,3814.56,4740.15,4670.55,3914.37,3141.94,2583.49,5988.2,7823.92,8185.64,7300.09,5833.64,4064.94,2975.9,6813.57,9873.71,10679.3,9479.6,9910.93,12255.6,14989.5
10670.1,8003.21,13091.1,11252.9,8554.03,5910.16,8272.32,16120,29485.1,29203.6,25253,16997.1,10328.7,7093.19,5220.82,5068.52,14123.7,19637.4,19036.8,15357.9,11444.9,10473.9,9842.29,11553.8,9087.37,8199.63,9908.44,8895.85,6862.93,6770.13,18836.5,20217.9,15431,10860.1,7997.26,1073,5927.94,4164.45,3445.3,3743.82,4626.26,4672.63,3935.38,3010.12,2413.04,5887.1,7726.11,8004.89,7092.06,5641.48,3893.72,2969.13,7305.46,9849.82,11281.9,10364.3,10248.4,14031.3,17289.2
10706.1,7980.53,12671.7,10440.8,8327.76,6097.35,7619.15,14872,28134.9,26869,23447.1,16825.7,10850.1,7828.08,5615.53,5494.18,15158.8,20961.7,20542.3,17162.3,11874,10605.2,10298.7,12637.3,9335.49,8052.96,10141.3,9375.02,7204.95,6736.88,19286.5,20604.9,15183.3,10363.7,7801.06,1061.59,5686.59,4090.09,3290.55,3606.07,4819.8,4893.38,4157.66,3184.32,2741.12,5800.71,7589.17,7882.49,7010.72,5582.48,3859.85,2937.01,6998.44,9620.34,10840.7,9951.12,9708.13,13245.1,17096.5
10914.5,8234.66,12824,10728.1,8703.7,6433.97,8607.93,13908.3,27191,26535.8,23390.8,16597.9,10563.5,7026.25,4877.58,5427.14,14484,20328.3,20734.2,16100.6,10995.2,9114.13,8990.02,11709,9285.52,8455.58,10130.9,9628.17,7446.62,7282.85,20000.5,20963,15604.1,10951.4,9037.34,1056.8,5630.68,4055.78,3471.36,3716.44,4735.36,4858.71,4175.03,3234.84,2784.87,5845.69,7718.82,8259.82,7455.08,5994.46,4200.52,3079.04,7127.34,9885.24,10784.2,9690.08,9121.09,14233.4,16557.6
11292,8779.13,12637.1,10963.5,8579.32,6099.32,8015.74,13058.6,27201.3,27133.6,23795.7,16488.9,10033.1,6881.03,4863.1,5362.5,13946.4,20381.9,20125.9,15264.2,9752.34,9289.25,9191.16,12409.3,9838.67,8649.26,10227,9684.92,7502.44,6463.67,19485.5,21379.6,14689.1,9462.28,8117.52,1021.9,5692.23,4295.42,3440.72,3582.13,4387.49,5092.56,4474.2,3590.73,2976,5664.84,7856.53,8367.51,7508.96,6059.56,4264.62,3160.39,7727.14,10442.5,11656.3,10551.1,10709.7,13253.1,14809
11438.5,8712.53,12377.4,11105.1,8601.53,6162.33,9100.19,13111.3,26262.7,26669.2,24570.6,16667.9,9913.71,7153.88,5299.01,5389.13,14823.1,22672.7,22048.1,16621.5,11392.2,9700.33,9771.55,12286.8,10182.5,9825.05,11088.3,9865.54,7311.08,6039.43,19708.2,21347,15525.7,10437.6,8311.9,1013.34,5840.67,4497.82,4026.78,4175.3,5187.06,5238.23,4249.76,3259.7,2664.99,4967.77,6954.26,7487.22,6734.96,5499.9,3866.55,2811.54,6662.46,9864.35,11035.2,9980.67,11901.5,14060,16839.9
11051.9,8850.46,12787.8,10982,8226.76,5788.77,7702.37,11619.2,23232.9,25111.2,23152.9,15775.2,9372.78,7100.13,5627.86,5642.83,15354.2,22784.3,22144.3,17594.1,13037.4,11439.4,10275.6,12315.8,10398.2,10258.3,11605.4,10308.3,7622.15,6779.13,20474.7,21818.7,16194.7,11281.3,8795.4,1040.02,6332.09,4129.83,3458.48,3652.36,4727.14,5105.83,4250.41,3272.96,2457.61,4883.94,7198.85,7876.98,7075.83,5684.35,3956.01,2793.84,6226.25,9216.03,10385.1,9416.51,10138.2,12009.9,16874.4
11138.1,8098.22,13533.3,10786.4,7664.39,5686.65,7361.92,9646.24,23428.9,24870.7,22217.7,15322.1,9682.23,7320.83,5638.53,5776.48,13722.1,22652.1,22490.7,17447.8,13849.1,12040.9,11446.9,13122,11840.4,11513.5,12273.4,10374.4,7439.22,6638.48,16731.6,18765.8,15341.5,11308.6,9457.95,1070.23,5893.5,4535.53,3636.99,3945.04,4881.9,5070.98,4219.73,3264.98,2476.11,5523.24,7514.88,7835.59,6848.8,5454.92,3748.7,2691.47,4524.24,7146.64,8256.72,7459.99,9448,12224,15807.2
11064.2,7714.73,13135.7,10153.8,6925.85,5653.77,6286.13,9170.34,19476.6,23097.7,21651.4,14385.3,8374.17,6134.07,4815.44,5193.91,12100.3,18933.6,18459,14360.3,11383.8,10181.6,10229.9,13416.7,11017.1,9584.1,10669.1,9128.08,6485.92,5988.11,16000.5,20212.4,14528.3,10166,9510.45,1099.32,5746.46,3690.07,2895.64,3288.36,4477.04,4651.93,3979.05,3173.01,2418.61,5441.81,7387.24,7708.76,6745.03,5289.99,3556.96,2577.49,4452.6,6644.1,7450.3,6711.35,8200.29,10350,12544.1
11418.9,7426.85,11381.3,8703.93,6102.5,5394.17,6052.22,8087.29,20272.6,23564.8,21942.7,15251,9183.73,6349.07,4355.66,5123.97,13563.4,18816.5,19965.5,14870.9,9947.23,8963.54,9375.91,12354.5,9761.42,9011.66,10171.6,8809.54,6305.72,5629.4,14154.1,18464.9,13685.5,10041.9,8164.46,1030.65,5501.74,3509.99,2913.74,3157.08,4738.42,4789.92,3955.75,3009.52,2220.19,5228.4,6890.5,7145.16,6222.63,4843.76,3210.68,2234.15,3910.06,5635.05,6606.76,6068.51,7521.79,8989.78,11390.6
11462.8,7766.05,11862.5,8962.3,6176.77,5764,6805.93,9925.2,18874.4,21776.1,20611.5,15275.1,9819.1,6934.3,4883.56,5286.48,13134.4,19534.2,20522.6,15516.5,10110.8,9992.36,9562.13,12767.5,9912.8,9395.58,10046.3,8854.77,6395.53,5546.93,14302.5,19335.8,15367.4,10583.7,8800.55,1088.12,5588.06,4226.95,3199.97,3573.83,5039.36,5062.74,4122.33,3047.73,2191.47,4931.69,6480.42,6695.64,5812.29,4458.89,2889.84,2040.75,4019.27,5642.4,6490.17,5923.64,7391.8,8721.65,12401.7
11102.5,7224.83,12293,8927.48,6440.61,6897.12,7901.01,11091,20331.9,22869.6,21386.1,15050.2,9437.99,6748.81,4952.16,6019.31,15896.8,21408.9,20906.3,15458.7,11079.6,10216.4,9885.07,11928.4,9429.26,8998.69,10173.8,8676.8,6073.6,5820.16,16226.7,20724.2,16157.5,11402,8765.29,1078.14,5601.82,3718.51,3469.89,4104.25,5179.75,5052.02,4029.17,2909.7,2161.9,4965.94,6423.92,6933.62,6238.95,4932.7,3320.63,2359.4,4963.66,7009.82,7359.09,6502.84,7442.54,8677.17,10055.2
11380,7232.27,12548.6,8982.7,6379.38,5932.59,7241.64,11256.6,17393.5,19712.1,19329.1,14420.2,9142.59,6526.08,5037.3,6404.13,14528,21375.4,21804.1,16054.4,10019.9,10034.7,8859.94,10786.4,8274.96,8128.62,9961.12,8683.6,6301.71,5484.78,16234.8,19089.2,14190,9428.24,7363.92,1068.96,5337.26,3457.04,3154.8,3785.05,4591.81,4486.13,3565.72,2586.57,1956.21,4742.53,6157.14,6768.9,6149.79,4914.6,3340.41,2450.17,5225.79,7256.36,7600.73,6674.44,8624.63,10334.9,11633.6
10701.2,7160.99,12110.7,9014.39,6536.55,6062.85,6539.49,15510.2,21464.3,21239.9,19306.6,14950.6,9977.1,7438.38,5733.25,6190.05,14322.5,20105.8,20758.6,15865.8,10613.6,9179.73,7218.74,9339.14,8998.76,8261.69,9505.26,8190.55,5896.14,4880.14,16196.5,20329.6,14432.6,10028.3,7833.89,1031.32,5740.75,3530.65,2693.98,3845.03,4847.65,4644.09,3682.77,2682.62,1939.13,4789.51,6234.52,6716.03,6017.97,4785.68,3231.01,2235.14,4201.51,6077.55,6567.13,5848.53,7002.34,8214.42,9208
11007.1,7349.2,12067.4,9333.45,6984.97,6584.42,7159.39,13747,20008.2,19830.1,17864.2,13797.3,8800.26,6385.36,4872.11,6003.68,13867.8,19620.3,20371.9,15786.3,10647,9427.13,7296.95,9239.05,8265.46,7625.45,9322.62,8184.12,5915.49,4709.82,16487.6,19999.7,14133.6,9162.83,7405.37,1041.18,5351.48,4014.54,2967.06,3583.65,4860.96,4721.69,3562.97,2515.85,1817.22,4618.22,6061.18,6431.43,5683.14,4495.87,3009.39,2090.36,4376.9,6093.54,6320.46,5853.49,6750.95,7940.04,9393.23
11362.1,7705.71,12174.7,9152.07,6819.25,7424.42,8350.92,15466.7,21154.3,19923.7,17678.2,14229,9424.63,6797.62,4995.16,6644.66,15322.8,21489.1,21216,15683.8,10043.1,9221.41,8058.69,9642.68,9035.96,8112.95,9635.82,8407.15,6002.04,4611.19,18831.9,20932.2,14457.3,8923.2,7806.51,1050.42,5502.46,3979.65,2934.2,3776.5,4391.62,4262.26,3297.22,2464.05,1746.95,4306.39,5837.81,6347.32,5643.31,4417.05,2905.93,2180.5,4139.1,5715.34,5916.97,5470.39,7178.73,8874.63,9577.79
11123.2,7427.77,13306,10154.9,7533.76,7960.87,8824.89,16373.8,21814.6,20944.3,18388.3,13976.8,9670.01,6914.59,5164.51,7137.21,15871.4,21244.3,20713.6,14880,9569.63,9035.58,7724.26,10424.6,8775.06,7628.49,9197.28,8342.26,6205.07,5013.95,18800,20532.6,14738.9,9497.74,8591.82,1063.05,5668.93,4450.66,3270.91,3725.04,4624.16,4349.79,3381.37,2515.39,1772.35,4524.32,6159.22,7022.38,6468.04,5199.79,3557.24,2616.27,4693.84,6599.19,6924.28,6381.99,7661.84,9431.33,9596.28
11177.9,7351.33,12728.6,10634.1,8149.26,7953.29,8434.99,15912.8,20949.1,20509.6,18442.2,13883.9,9452.95,6779.86,5219.23,6392.07,14211,20499.6,19796.3,13897.8,9252.53,9041.44,8806,11191.3,8873,7033.57,9288.08,8755.08,6646.06,5065.8,17592,18585.1,14159.6,9502.88,8688.71,1072.38,5571.78,4166.27,3075.48,3353.16,4256.08,4456.26,3573.97,2677.78,1906.41,4251.31,5844.22,6547.53,6159.6,5032.64,3486.65,2557.14,4794.28,7469.59,8256.15,7433.04,7043.35,8932.32,9255.67
12082.2,8054.21,12832.7,10890.8,8428.98,8697.46,9301.95,14618.9,20534.5,17846.1,16719,13677.7,9324.84,6899.1,5329.35,6289.5,15242.9,20776.9,20395.7,15029.7,10578.1,8943.31,8612.7,11328.7,9839.36,8116.59,9437.01,8264.37,6124.03,4831.14,17070.3,18064.8,14643.4,10882,9265.28,1091.73,5464.9,4238.15,3077.2,3313.24,4151.49,4497.09,3653.87,2763.73,1932.88,4049.1,5693.03,6383.66,5968.95,4812.67,3263.17,2383.42,4829.68,7087.8,7766.32,6960.32,6488.24,8338.74,8726.93
11498.2,7904.31,13405,11017,8625.86,9000.08,9320.16,16994.9,23522.3,19402.8,18488.4,14511.5,10015.7,7427.06,5967.46,6959.69,16319.7,21933.2,20924.5,15364.3,11155.8,10215.2,9178.45,11218.1,9897.1,8790.88,9803.01,8483.33,6222.48,4858.12,19070.8,20779.6,15861,11015.6,9104.14,1078.77,6016.53,4692.43,3769.05,3909.08,4561.77,4802.67,4022.6,3171.74,2321.06,4637.75,6085.33,6861.09,6482.97,5316.67,3713.61,2707.75,4435.16,6755.5,7700.28,7417.03,8057.33,8754.95,8541.07
11603.8,7629,12042.6,10741.9,8708.28,7640.84,7314.54,15117.7,21075.8,17300.6,17661.3,14158.4,9442.86,7004.66,5977.32,7581.79,16235.1,22346,21501.6,15711,9728.3,8832.49,8790.94,11259.3,10025.4,8598.81,8881.01,8084.8,6133.78,4596.75,18532,20194.6,13891.5,10048.7,8545.34,1080.68,5762.38,4091.85,3139.3,3543.74,4504.11,4614.97,3791.69,2902.16,2077.45,4149.49,5436.67,6040.12,5560.63,4489.78,3065.59,2138.98,4373.26,6276.67,7000.92,6811.34,8064.97,8730.42,8477.17
12038.7,8134.82,13169.1,9710.81,8096.46,7911.04,8508.69,15825.5,20835,18834.1,17710.6,13538.7,8726.29,6455.71,5399.29,7465.8,14856.5,20838.8,20574.7,14973.5,9027.64,9241.55,8455.6,11508.7,9406.04,8096.14,8746.34,8078.11,5994.98,4635.91,19408.5,21452.7,14897.2,9709.55,7640.79,1104.51,5559.29,4492.12,3179.85,3496.55,4510.25,4702.35,3846.46,3037.35,2205.75,3989.67,5291.97,5612.8,5340.29,4336.01,2991.24,2022.82,4213.18,5864.46,7055.46,6809.05,7922.4,9058.7,8829.65
11681.9,7908.64,11844.9,8943.72,7999.92,8769.92,9764.67,16689.8,21389.9,19267,17551.9,13589.9,8642.64,6570.8,5113.41,7272.57,15454.2,21013.6,20285.4,15033.4,8871.9,8317.03,8243.04,12030.7,9992.75,8301.46,8781.74,8212.57,6127.83,4977.57,19354.2,21704.3,15007.4,9378.31,8666.45,1095.98,5822.69,3856.71,2967.03,3229.74,4268.59,4680.03,3828.41,2956.51,2178.4,3741.49,4853.07,5244.04,4863.24,3896.38,2624.42,1783.52,3417.72,4832.48,5771.11,5399.26,6015.84,6948.77,6839.04
11452.3,7661.74,12036.4,8839.96,7269,8862.99,10341.6,16993.6,21126.4,20421.5,18484.8,13966.4,8997.38,6692.78,5166.39,7531.69,15572.9,20538.8,20196.3,14766.4,8844.16,8892.42,8757.23,11496.5,9342.45,8305.09,8910.06,8184.91,6115.55,4839.62,20157,22249.9,15461.3,10209.3,8474.26,1084.22,5512.75,4171.58,3264.08,3472.59,4628.26,4681.47,3662.18,2786.15,2059.07,3504.44,4420.2,4859.99,4615.73,3729.27,2507.85,1695,2915.76,4388.57,5328.43,4922.08,4902.92,6569.48,6830.41
10860.2,7836.62,12126.5,9116.97,7303.68,8408.26,10292,15916,19775.3,20794.6,18542.5,14290.8,9472.39,7100.43,5596.88,6424.36,15467.6,21861.3,21286.2,15248.1,8863.13,8949.83,9645.85,12330.4,10451.1,9122.93,9766.51,8459.34,6459.59,5006.45,20223.6,22804,15591.7,10257.1,8340.35,1088.22,5556.41,4961.43,4095.55,4404.86,5318.72,5176.47,4092.79,3221.67,2430.93,4403.37,5383.96,5805.14,5387.73,4350.75,2985.92,2103.13,3747.51,5370.46,5940.09,5670.55,6119.41,7790.29,7874.73
11235.8,8067.46,12146.6,8885.88,6786.71,8281.52,10115,14550.9,18342.7,18997.1,17145.8,14072.2,9045.91,7013.54,5404.05,6665.39,14954.6,20487.2,20087.4,14409.9,8951.49,7403.03,8780.94,11865.7,9246.69,7242.4,9024.67,7874.83,6205.8,5043.08,18809.9,20667.7,14548.6,9149.76,7285.92,1080.73,6022.04,4930.81,3784.97,3836.91,4771.38,4995.17,4045.57,3231.64,2409.77,4028.24,4945.24,5225.17,4989.08,4053.43,2753.17,1923.56,3454.91,5340.34,5808.98,5453.43,5378.19,7683.74,8267.52
11427.6,8229.17,12876.7,9588.2,7386.05,8423.38,10045.2,14571,18559,19736.8,18974.1,13967.2,9067.12,6680.74,4967.62,7308.28,14622.3,22097.6,21775.6,15554.5,9708.16,8134.54,9038.17,12098.5,9490.17,7285.55,9480.56,8509.29,6959.68,5848.45,20388.2,22186.7,15478.8,9339.87,7431.48,1126.72,5995.58,4809.45,3814.97,4008.85,5417.32,5432.05,4401.62,3449.26,2546.75,4281.91,5202.28,5392.59,5201.92,4300.1,3046.45,2329.92,4123.68,6163.55,6634.19,6345.14,6370.84,8376.16,8917.94
11574.3,8458.58,13035.3,9713.89,7876.98,7969.73,9254.91,14906.2,18899.4,18915.2,17836.4,14013.3,9023.61,7028.21,5355.66,7563.89,14304.9,23255.4,23512.6,17132.9,10936.3,9244.14,9355.81,11425.6,9989.5,8157.76,8901.91,8045.04,7369.46,6409.03,20297.8,21936.6,15099.3,9330.74,8245.87,1077.8,5827.72,4621.35,3786.91,3990.49,5158.42,5167.52,4189.86,3306.61,2420.13,4238.5,5291.79,5539.13,5260.06,4292.38,2983.15,2056.27,4042.39,5645.31,6081.89,5589.47,5115.49,7196.5,8251.19
11903,8688.64,12251.7,8916.14,7197.01,7472.23,8016.24,16752.2,21061.2,19774.8,17857.1,12815.6,7609.58,6196.72,4786.93,6140.59,13096.8,19436.7,21602.2,16550.3,10643.9,8115.24,8710.76,11200.9,9500.4,8280.79,9111.55,8139.24,6965.26,5685.99,19744.1,21013.3,15270.4,9835.22,7998.82,1054.89,5899.01,4507.95,3341.8,3761.54,4859.19,5065.72,4185.45,3414.89,2583.74,4087.39,5261.17,5453.21,5120.8,4116.3,2835.16,1982.12,3420.39,5355.64,6320.22,6047.71,5754.05,7034.7,7215.47
11862.7,8384.85,11787.5,9599.62,7542.54,6859.87,6620.38,16095.8,22046,18700.2,16380,12435.8,7471.94,5832.78,4780.45,6442.22,12253.5,17966,18714.4,14482.9,10920.2,8949.42,7415.22,10173.5,8064.79,7569.59,9214.73,8423.84,6925.93,5545.66,18379.7,19405,14893,9666.99,8406.19,1086.06,5992.17,4741.31,3397.12,3778.05,4745.1,4934.03,3987.48,3215.99,2481.08,4109.47,5139.72,5190.92,4698.12,3651.91,2426.28,1555.98,2963.35,4509.36,5348.71,5074.27,5077.63,6267.16,7047.53
11430.5,8755.14,13009,9932.15,8649.74,8558.99,8297.52,15410,20060,17570.6,16795.8,11886.8,6625.54,6253.62,5313.79,6393.34,12360.3,17367.3,19378.3,14821.5,10447.8,8490.03,8033.51,11616.1,8959.45,8132.6,9749.9,8775.34,7367.49,5919.43,18911.1,20385.7,14554.9,9265.88,8167.01,1081.82,6075.72,4924.4,3760.07,3869.62,4993.79,5019.59,3956.8,3031.74,2356,4108.24,5389.46,5569.03,4945.1,3802.85,2506.05,1606.56,3364.54,5214,6274.46,5804.38,6687.24,7409.85,10324.2
11544.5,8886.18,12431.4,9497.47,7309.72,7403.98,7740.88,16637.6,21985.1,17494.2,16390.2,10857,6033.85,6115.98,5431.32,5996.6,11059,17787.1,18527.3,14049.1,10797.5,8977.35,7602.99,11232.7,9058.22,7216.22,8997.54,8270.96,7630.95,6322.22,18962.2,20770.4,14193.1,8729.3,8001.97,1096.37,6181.02,4802.6,3811.13,3964.54,4907.1,4557.04,3502.32,2749.29,2263.56,3897.54,5184.27,5338.76,4743.95,3608.38,2324.46,1407.85,2662.15,4267.58,5116.04,4767.43,4788.44,5376.19,7565.77
11099.4,8607.79,12623.2,9870.13,7818.94,7813.26,7915.66,15818.1,21393.3,19537.4,17437.7,11292.5,6479.12,5944.42,5066.21,6062,11997.8,17944.2,18152.3,15442.3,10467.2,7979.09,9081.49,12211.5,9837.2,8114.14,10103.8,9084.21,7530.24,5833.62,20860.8,22986.5,15963.1,10421.3,8840.45,1086.24,6094.85,4936.55,4183.77,4467.56,5294.09,4724.69,3683.1,2888.63,2347.2,4087.75,5507.81,5696.82,5093.87,3920.19,2583.23,1620.55,3151.22,5288.11,6119.23,5820.62,6280.95,6275.77,8630.3
11201.6,8129.2,11892.7,9175.09,8570.65,8445.94,8378.43,16771.1,23175.4,19256,16547.5,11926.4,6979.08,5258.92,4409.97,5228.7,12066.8,16835,17520.3,14918.1,10803.8,8696.4,8452.51,11126.3,9182.37,8075.24,10435,9303.06,7582.23,5807.62,18953.7,21110.6,14690.4,8997.37,7808.25,1056.89,5936.87,5065.14,3826.61,4421.75,5233.92,4636.87,3462.3,2690.87,2069.98,4063.82,5384,5502.28,5059.55,3998.32,2693.42,1727.16,3723.51,5381.32,5629.54,5772.77,5834.06,6018.09,7155.08
11370.9,7900.63,11454.5,9254.88,8830.75,8041.92,8029.37,14887.4,20810.3,18608.6,16571,11668.3,6842.4,5072.63,3848.23,4901.06,12469.1,17083.2,17978.5,14065.4,9952.53,8573.71,7927.67,10218.6,8018.24,7437.66,9903.75,8822.39,7369.14,5677.07,18708.2,21817.1,14977.2,9053.6,8128.72,1084.05,5916.79,4767.96,3721.76,4059.42,5031.54,4595.54,3427.16,2776.25,2233.67,4481.02,5904.78,5976.37,5266.59,4042.14,2657.82,1664.77,3027.51,4697.76,5091.07,4848.46,4838.9,5192.78,8435.04
11385.5,7505.23,11791.7,9492.32,8262.18,7718.14,7280.71,14202.1,21152.5,20276.4,17230.9,11611.4,6652.73,5419.69,4095.1,5579.42,11739.2,16449.7,17753.3,14032.6,10576.5,8820.49,8468.69,10614.1,8215.22,7569.74,9572.39,8346.51,6606.26,4933.09,17450.9,21704.8,16139.4,10749,8205.24,1073.99,5767.83,4497.13,3432.36,4312.9,5323.84,4860.84,3707.86,2955.23,2299.45,4630.45,5992.4,6049.92,5364.89,4144.99,2738.31,1748.95,3687.23,5758.86,6268.82,6005.07,6114.23,6044.03,11087.3
11171.4,7207.89,12501.2,10050.3,7996.79,8152.54,8199.79,16211.7,23241.8,22298,18394.4,11853.6,6846.54,5500.15,4223.46,5799.87,11253.4,17771.9,19244.4,15800,11751.7,9512.98,8219.81,10707.3,9602.47,8098.1,9766.67,8388.55,6661.06,5025.51,20136,22709.3,16901.1,11347.1,8637.63,1062.08,5753.99,4772.92,3459.83,4199.37,4917.73,4711.29,3800.72,3240.05,2609.3,4751.35,5977,5954.74,5249.19,4045.53,2657.68,1709.16,3597.6,5516.6,6060.24,5585.57,6362.37,6621.57,11925.1
11307.3,7225.12,12593.6,10442,8088.11,8820.82,9255.9,17648.2,24500.7,23017.8,19472.8,11530.9,7787.57,6143.7,4627.85,5500.9,11040.2,18634.3,18815.6,15819.7,12496.1,10488.9,9061.75,11654.8,10810,8959.03,10781.2,9222.33,7045.53,5122.58,18805,22107.2,16902.9,11398.1,8970.06,1081.91,6051.07,4594.89,3315.47,4216.59,4939.73,4660,3796.71,3357.91,2862.94,5168.68,6328.73,6262.23,5387.25,4067.34,2658.56,1685.39,4194.56,6039.91,6366.73,5913.4,7246.32,7662.47,14073.3
12009.7,7588.41,13273.5,10981.8,8237.66,8747.83,9477.25,16786.1,23265.5,22081.7,18911.5,11608.8,8294.78,6521.73,4897.24,5238.99,11301,18242,18067,14749.7,11732.8,9908.81,8532.51,11725.8,10210.4,8631.76,9962.81,8336.93,6693.2,4876.98,19774.8,22222.9,17768.4,12878,10016.9,1129.78,5921.44,4670.98,3404.83,3946.97,4885.94,4775.68,3873.84,3697.38,3336.81,5579.59,6648.82,6555.16,5577.17,4210.65,2806.74,1825.69,4437.43,6264.48,6456.42,6435.31,7864.45,8456.79,11176.5
11578.6,7480.74,14087,11789.4,8900.22,8763.87,9095.01,16813,23223.6,21028.9,19122.6,11268.4,8369.12,6842.09,5425.01,5684.5,12634.3,18577.5,17722.9,14517.8,12070.4,11094.2,9790.44,12694.4,10630.7,8919.77,9762.71,8090.15,6533.2,4901.71,19732.1,22211.8,17973.7,13263.4,10594.8,1157.52,6285.81,4582.76,3491.2,3920.36,4755.88,4701.15,3810.18,3495.55,3063.11,5622.01,6788.48,6728.38,5754.72,4398.04,2981.35,2001.34,4072.62,5654.4,5836.3,6936.09,8605.1,9410.32,11862
11671.3,7453.02,14415.3,11829.1,8762.83,9526.41,10476.4,16983,23088.1,19249.2,18938.9,11444.2,7990.37,6593.11,5152.92,5668.94,12871.8,18082.5,17427.6,14012.6,11042.9,9562.01,9591.29,12012,9841.59,9348.46,9997.5,8331.03,6401.23,4668.37,18660.1,20852.1,17519.2,13047.7,10436.7,1151.97,6046.61,4412.91,3393.32,3735.23,4245.88,4761.44,3996.63,3442.86,2873.74,5096.73,6095.54,5923.73,5045.19,3886.03,2594.65,1687.8,3303.53,4806.29,5181.87,5363.7,5639.41,7101.22,16506
11609.5,7653.9,13662.2,11088.9,8413.5,9648.39,10844.6,19616.3,25091,21352.5,20939.3,12968.9,8379.93,6968.59,5598.97,6128.79,11546.6,20625.3,20571.6,15617.3,10774.7,10372.3,9315.8,11987,10528.8,8963.54,9690.12,7943.66,6358.11,4689.45,19031.3,20888.9,17082.3,12225.2,9971.67,1128.66,5903.74,4552.4,3370.24,4367.93,5060.95,4868.57,3932.04,3383.7,2836.76,4886.75,6093.64,6000.46,5069.91,3924.8,2651.19,1733.93,3288.41,4631.87,5345.67,5623.68,5405.12,7220.99,21264.6
11810.6,7703.5,13772.5,10847.1,8256.44,9716.91,11144.2,19301.4,25184.4,21329.5,20680.5,12486.6,8537.47,7072.68,5808.83,6497.94,12167,20301.3,19704.2,15202.3,10581.2,9475.24,9206.84,10973.7,9842.29,9036.39,9586.26,7895.33,5851.34,4174.68,18024.2,19553.9,15669.6,10971.4,9459.41,1124.73,5921.76,4812.76,3462.98,4173.37,5143.52,5079.65,4120.02,3666.53,3098.2,5542.03,6686.4,6510.62,5413.77,4131.14,2740.32,1836.37,3665.1,4994.25,6038.53,6690.16,7034.48,7370.85,16050.5
11876.4,7493.79,14829.5,12635.2,9836,10571.1,11197,19276.2,26889.7,23232.8,23334.1,14836.2,9804.78,7467.83,5645.75,6290.73,12857.8,20590,20267.4,15465.1,9870.78,9291.24,9512.31,12025.7,9503.62,9497.52,10390.6,8796.4,7042.04,5253.99,18042.8,19582.1,15304.3,10737.5,9475.63,1137.14,6077.78,4613.82,3454.28,4237.73,5296.41,4988.71,3887.47,3814.41,3400,5487.22,6535.83,6319.18,5253.91,4055.24,2736.57,1868.16,3327.73,4576.7,5654.16,6201.84,6443.37,6757.72,30554.7
11655.1,7285.25,13965.8,11694.3,9180.82,10173.7,10759.8,19339.9,25719.9,21965.3,21555,13173.7,8952.67,6963.44,5283.63,5596.76,11638.3,19341.8,19266.1,14907.3,8952.87,9287.85,9445.79,11601,8949.89,8649.34,9863.18,8333.75,6610.83,4852.97,17769.9,19286.1,15305.5,10486,8880.46,1108.88,5779.59,4806.16,3432.59,4115.98,5425.23,5021.16,3862.62,3290.13,2892.18,5371.19,6545.07,6424.11,5392.23,4303.95,2934.22,1987.74,3820.39,5205.22,6307.61,6368.91,7019.09,7389.88,34809.2
11389.5,7015.17,13370.9,12304.9,9818.07,10049.7,10453.6,18522.1,24351.1,20698.1,21325.6,13301.8,8303.68,6300.6,4984.23,5362.42,10764,19292.7,19544.2,16274.6,10543.4,8858.66,9853.98,12067.2,9934.95,8882.66,9961.14,8365.42,6637.94,4907.66,17098,18660.9,14709.2,9847.92,8890.04,1137.23,5746.32,4403.95,2945.88,3811.65,4937.84,4566.05,3551.03,3261.69,2861.38,5273.84,6494.95,6391.42,5373.72,4295.74,2932.55,2017.18,4305.89,5865.56,6631.34,6778.6,6663.48,6959.3,18961.7
11624.7,7195.55,13019.1,11426.2,8935.63,9926.26,10416.9,18574.4,24183,20712.8,21649.4,13736,7632.61,5837.52,4641.24,5255.65,11641.7,19680,19293.4,15589.4,10084.5,9530.26,9382.28,11455,9929.89,8567.78,9647.08,8355.65,7266.15,5631.78,16624,18445.1,14337.4,9838.08,8046.17,1080.99,5850.36,4744.07,3170.5,3850.49,5407.52,5117.7,4058.39,3615,3115.32,5423.11,6697.85,6616.14,5599.49,4378.67,2911.9,2024.78,4302.57,5863.57,6626.69,7468.88,7520.9,7766.96,17494.2
11698.1,7297.3,13026,11696.6,9219.56,10323.8,11116.2,18201.3,22953.2,19940.1,21284.8,13390.3,7263.95,6271.3,4745.51,6192.44,12276.4,20107.6,19322.1,16838.7,11685.1,9983.41,9801.85,12251.7,10173,8709.83,9840.1,8576.85,6983.15,5293.61,16067.3,17932.5,14544.4,10067,8516.48,1125.38,5999.52,4361.02,3029.09,4102.48,5442.89,5079.53,3979.23,3432.72,3008.67,5581.03,7083.67,7217.61,6233.63,5068.6,3547.16,2610.43,4957.81,6616.37,7021.26,7129.56,6867.23,8902.61,12950.1
10872.3,7049.44,13249.1,12105.3,9612.73,10020.5,10379,17613,22767.7,18964.2,20898.6,13465,7519.47,6265.27,4952.82,5588.04,12219.6,17873,17315.6,16246.4,11807.8,10667.3,9690.13,11366.6,9297.08,7511.59,9127.91,8506.41,7336.2,5735.17,15690.6,17069.5,14076.2,9697.02,8262.36,1109.32,5707.09,3748.8,2750.85,3752.76,5284.6,4957.24,3898.65,3142.01,2760.88,5273.37,7090.41,7334.12,6367.17,5326.91,3805.81,2764.53,4962.02,6436.44,6683.85,7017.81,7074.32,9738.37,12673.9
11024.3,7265.12,13294.4,12391.9,9851.2,10100.3,10530.5,17951.8,23747.2,19767.1,21817.8,14078.7,8067.57,6288.22,5449.17,5813.13,13536.7,19222.2,18788.6,17684.9,12788.3,11085.6,10554.6,12499.3,9771.18,7701.1,9668.36,8821.63,7551.11,5848.38,14236.8,17279.2,14183.3,9759.45,7640.79,1165.91,5555.67,4324.44,2867.81,3779.29,5293.7,4975.68,3915.57,3284.67,3047.63,5466.56,7276.31,7493.57,6497.65,5259.42,3669.59,2649.77,5143.81,6729.86,7183.35,6833.88,6401.56,10040.2,14239.4
11101.8,7348.48,14688.8,12676,9768.75,9942.12,10212,18638.3,24568.5,20308.9,21484.4,13559.4,7840.99,6160.47,5560.32,6095.42,13632.1,19759.8,19543,18101.5,13001.6,11077.5,10590.4,12238.9,10640.6,8636.95,10534.6,9544.56,7784.35,5828.72,14176.9,19463.8,13965.8,9963.16,7853,1151.58,5890.57,4477.22,3108.41,4082.06,5391.17,5015.49,3919.07,3497.31,3226.89,5745.76,7424.3,7515.63,6466.18,5215.41,3625.14,2603.11,5085.33,6679.51,7577.65,7355.16,7094.25,8269.09,14363.2
11236.2,7490.49,15141.9,12797.7,9878,10242.7,10671.5,18022.6,23838.5,21491.5,22551.8,14131.9,8508.36,5871.36,5364.79,6512.82,15395.1,22594.5,22090.4,19113.3,13509.3,10799.4,9620.6,11595.8,9504.45,8470.13,9855.83,8912.78,7320.9,5472.27,16076.1,16442.7,14973.8,10917.1,8756.34,1161.9,5741.25,4170.88,2984.03,3825.02,5349.88,5063.86,3976.37,3284.19,2944.33,5318.14,6907.7,6984.57,6001.64,4928.81,3457.98,2505.38,4414.34,5797.87,6729.46,6793.96,6980.27,8186.74,14227.6
10433.8,7137.25,15101,13127.4,10210,11197.3,12117.7,16964.3,22260.1,22068.1,23436.5,15268.5,9086.73,6135.9,4844.75,7060.2,18218,25041.9,24189.7,19671,13398.6,11219.6,10136.6,12517.1,10999.3,8826.5,10708.1,9610.74,7495.93,5603.37,17411,18569.7,14978.3,10932.8,9114.86,1111.63,5653.95,4471.68,3423.86,4133.17,5125.18,4577.1,3521.34,2810.22,2757.79,5129.09,7090.53,7360.03,6431.85,5364.18,3852.76,2688.36,3837.57,5352.8,6454.24,7078.29,7050.64,9895.17,17466.6
10614.7,7292.51,14871,13197,10437.7,10833.7,11371.5,19673.4,24976.7,22333.3,24025.6,15919.7,9461.01,6351.51,5298.25,8200.59,17798.8,24155.9,23160.8,19162.9,12957.2,10739.1,10513.4,13583.9,12173.2,9901.04,11244.5,9740.28,7530.11,5585.04,18130.2,19172.8,14196.6,10091.9,9157.95,1102.67,5575.68,4740.7,3607.24,4277.58,5130.28,4631.19,3506.27,3008.52,2730.13,5041.68,6902.35,7148.05,6261.3,5090,3563.15,2416.51,4045.55,5774.79,6672.54,6655.28,6584.94,8611.81,25516.7
11310.7,7680.95,15972.9,14408.1,11366.7,11865.7,12447.7,20079,24927.1,20049.6,22627.2,14886.4,8989.79,6532.64,4998.06,7166.01,15947,22830.9,22356,19342.1,13697.8,11336.9,10610,12664.2,10594,8886.27,10818.5,9476.75,7411.72,5661.16,19581.2,21535.4,14810.6,11361.5,10021.7,1150.94,5681.34,4709.6,3692.63,4037.18,5105.19,4758.44,3580.81,2718.93,2316.64,4726.83,7071.87,7671.12,6920.81,5834.97,4271.42,3007.67,5571.31,7202.63,7520.99,7096.19,7084.59,10320.4,47278.1
11817.9,7852.44,13847.4,13226.2,10657.9,10663.1,10997.4,18510.2,23920.8,19895.6,22676,15062.6,9201.88,6178.49,5045.07,6502.97,15449.2,23374.6,22699.8,19753.2,14328.5,11899.2,10307.5,11387.6,10818.4,9281.98,10859.8,9467.18,7429.14,5848.55,19338.4,20712.4,14998.5,10516,10174.4,1170.94,5502.52,4936.14,3868.25,4557.86,5584.72,5039.85,3752.09,2831.92,2404.55,4915.13,6744.19,7080.23,6227.05,5250.22,3803.53,2609.88,4756.61,6057.36,6857.21,6865.66,6713.45,10256.8,24663.8
11086.9,7338.02,13472.4,12682.3,10295,9462.31,9185.73,18914.6,24931.9,21402.5,22374.3,13827.6,8332.45,5787.22,4716.98,5981.17,15139.2,23456.9,23112.9,19990.8,14202.8,11964.6,10767.8,11944.6,11017.5,9237.46,10993.7,9506.05,7561.54,5718.91,20981.5,22848.3,16688.5,11734.6,9798.35,1113.85,5611.23,4513.32,3589.29,4745.81,5855.17,5300.75,3942.6,2890.77,2365.77,4828.19,6919,7346.04,6531.01,5424.12,3898.48,2688.24,4889.47,6449.54,7438.49,7262.6,7193.8,10422.8,26072.6
11142.5,7573.04,13205,12731.6,10398.2,9160.25,8833.93,16809.2,23320.7,19391.9,20829.4,12660.1,6797.67,5319.94,4958.06,6670.75,14190,22232,22046.4,19357.3,14050.6,11638.4,10572.9,12485,10480.1,8529.45,10214,8840.73,6871.57,5086.18,21008.7,23180.7,15941.2,10466.4,8909.2,1103.19,5611.21,4365.4,3409.58,4410.22,5297.39,4756.66,3607.18,2741.96,2406.92,5024.02,6755.51,6997.15,6126.08,5199.35,3819.56,2724.51,4402.01,5710.64,6762.79,6818.91,7206.93,8441.4,19915.4
11030.5,7509.27,13657.7,12978.7,10682.8,9047.43,8366.51,17248.4,24884,20551.1,22886.2,14509.9,8259.65,5663,5016.88,6840.9,14103.6,23957.7,24192.8,20019.1,13841.6,11510.8,11431.9,13579.5,10914.5,8762.3,10674.1,9290.9,7497.06,5614.64,20575.6,22241.4,15377.6,10787.5,9257.92,1128.62,5402.42,4781.03,3513.8,4807.86,5384.9,4764.07,3592.79,2733.59,2561.97,5093.03,6717.7,6841.94,5945.3,4955.08,3598.93,2533.97,3739.05,5028.79,5952.58,6252.76,6579.89,8274.67,35128.1
11050.3,7070.94,14231.4,12352.8,9642.25,8300.26,7607.03,17993.3,26459.5,22871.4,23899,15299.1,8874.24,6123.24,4933.51,6349.86,14531.1,22564.8,22058.2,18790.3,13013.6,11778.6,10814.7,11991.5,10744.4,8663.41,10421.3,9479.19,7483.67,5423.61,20120.8,21759.9,15181.5,11334.1,10564.4,1203.19,5367.46,4506.44,3436.12,4341.83,4721.29,4009.58,3342.11,2842.84,2611.02,4813.3,6066.55,6146.08,5354.03,4388.16,3124.26,2130.65,3549.83,4606.16,5429.54,5985.23,6213.05,7710.95,25699
10765.7,6910.78,14678.7,12712.1,9833.86,9266.63,8785.66,16148,26218.4,23544.3,23781.7,14845,8296.48,6089.63,5244.14,6400.4,15658.2,22581.9,21703.2,17905.5,12385.4,10541.4,10739.3,13358.4,11833.9,9301.38,10707.8,9678.49,7544.27,5499.66,20599.9,22300.6,15814.6,11326.2,9229.59,1135.72,5527.14,3640.58,3386.16,4142.7,4488.99,3823.13,3046.96,2592.24,2445.7,4699.93,5857.56,5941.12,5363.79,4422.89,3156.97,2161.93,3054.81,4278.19,5240.52,5774.77,6314.23,7483.09,26647.7
10846.2,6706.47,14167.6,12723.9,10172.1,9057,8526.36,15406.8,24604.3,21894.7,21874.4,13290,7130.16,5841.73,5210.38,6595.61,15508.4,23136.7,22429.6,18420.9,12954.8,10806.8,10771.8,12296.6,11048.2,9084.84,10489.3,10220.2,8275.27,6255.12,21154,23049.2,16235.3,10919.2,9824.07,1154.01,5428.36,3981.37,3416.26,4329.58,4824.36,4135.24,3268.96,2739.3,2494.52,4525.34,5633.24,5744.66,5101.94,4074.51,2851.22,1924.66,3060.51,4238.78,5126.78,5118.37,6880.69,7973.18,16479.1
10904.2,6822.66,13431.6,11868.4,9408.9,8861.71,8398.42,17060,24935.3,22125.1,21640.8,12961.4,6697.55,6498.09,5210.78,6522.43,16595.5,22787.6,21769.9,18576.1,12770.6,12112.9,11090.5,12040.8,11665,9677.55,11232.1,10207.2,8008.25,6235.79,21809.4,24071.1,17102.2,11515,9301.55,1134.96,5386.88,4261.97,3015.37,4065.66,4599.96,3925.74,3043.61,2440.46,2242.11,3944.73,4923.11,5528.01,5127.02,4191.81,2962.29,1975.15,3011.09,4788.15,5280.35,5480.73,6313.03,7370.23,12971.4
10636.7,6953.33,12831.9,12013.4,9711.07,8905.43,8579.45,18041.1,25977.4,22300.3,21970.6,13268.5,6970.1,6065.65,5052.62,6694.7,16266.4,22355.9,21549.8,17373.3,11239.4,10774.6,9888.79,11923.3,11261.4,9332.93,10960.4,10702.2,8603.95,6931.97,22812.7,25200.9,17531.6,11863.6,9864.41,1158.41,5510.95,4177.1,3176.34,4316.18,4779.91,4175.3,3306.63,2706.3,2500.74,4173.3,5379.08,5763.04,5229.78,4212.26,2977.54,2007.07,3550.21,5009.9,5521.02,5574.81,5827.4,6585.5,10370.9
11552.8,7364.52,12668.3,12540.8,10349.6,9324.15,8926.56,15851,24262.9,21048.4,21722,13359.6,6932.4,6555.15,6505.37,7681.49,17253,21546.8,21305.8,16069.1,10215.2,9978.94,9483.2,11017.6,11248.3,9255.9,11507,10782.7,8338.56,6527.79,22235.5,24428.9,16635.3,10783.2,9561.38,1158.14,5609.48,4541.36,3261.15,4356.48,4939.98,4398.34,3491.83,3152.45,2737.91,4509.83,5620.48,5887.26,5266.92,4223.28,2949.79,1980.73,3836.35,5496.44,5991.72,5508.1,5570.96,7143.31,14427.6
