sbt1_1927,sbt1_1928,sbt1_1929,sbt1_1930,sbt1_1931,sbt1_1932,sbt1_1933,sbt1_1934,sbt1_1935,sbt1_1936,sbt1_1937,sbt1_1938,sbt1_1939,sbt1_1940,sbt1_1941,sbt1_1942,sbt1_1943,sbt1_1944,sbt1_1945,sbt1_1946,sbt1_1947,sbt1_1948,sbt1_1949,sbt1_1950,sbt1_1951,sbt1_1952,sbt1_1953,sbt1_1954,sbt1_1955,sbt1_1956,sbt1_1957,sbt1_1958,sbt1_1959,sbt1_1960,sbt1_1961,sbt1_1962,sbt1_1963,sbt1_1964,sbt1_1965,sbt1_1966,sbt1_1967,sbt1_1968,sbt1_1969,sbt1_1970,sbt1_1971,sbt1_1972,sbt1_1973,sbt1_1974,sbt1_1975,sbt1_1976,sbt1_1977,sbt1_1978,sbt1_1979,sbt1_1980,sbt1_1981,sbt1_1982,sbt1_1983,sbt1_1984,sbt1_1985,sbt1_1986,sbt1_1987,sbt1_1988,sbt1_1989,sbt1_1990,sbt1_1991,sbt1_1992,sbt1_1993,sbt1_1994,sbt1_1995,sbt1_1996,sbt1_1997,sbt1_1998,sbt1_1999,sbt1_2000,sbt1_2001,sbt1_2002,sbt1_2003
20406.4,18220.6,16161.5,14186.7,12428.4,11218.9,10502,9819.67,8875.67,7821.14,7235.09,7022.78,6781.5,6693.93,6715.91,6712.4,6631.56,5873.05,4870.13,4217.37,3801.46,3544.68,3403.97,3347.21,3393.39,3381.63,3369.83,3315.31,3229.36,3102.8,2856.53,2615.83,2371.18,2157.78,2047.13,1996.24,1988.32,1935.91,1745.14,1483.96,1340.36,1371.86,1450.46,1337.82,1203.97,1203.89,1249.11,1281.9,1190.76,1111.45,1113.36,1101.99,1032.65,933.141,825.073,743.301,720.344,709.95,682.898,637.842,538.686,454.957,392.174,373.7,433.35,541.059,672.077,804.909,935.894,1078.33,1242.64,1437.64,1672.98,1940.87,2229.24,2566.01,2573.7
20406.4,18220.6,16161.5,14186.7,12428.4,11218.9,10502,9819.67,8875.67,7821.14,7235.09,7022.78,6781.5,6693.93,6715.91,6712.4,6631.56,5873.05,4870.13,4217.37,3801.46,3544.68,3403.97,3347.21,3393.39,3381.63,3369.83,3315.31,3229.36,3102.8,2856.53,2615.83,2371.18,2157.78,2047.13,1996.24,1988.32,1935.91,1745.14,1483.96,1340.36,1371.86,1450.46,1337.82,1203.97,1203.89,1249.11,1281.9,1190.76,1111.45,1113.36,1101.99,1032.65,933.141,825.073,743.301,720.344,709.95,682.898,637.842,538.686,454.957,392.174,373.7,433.35,541.059,672.077,804.909,935.894,1078.33,1242.64,1437.64,1672.98,1940.87,2229.24,2566.01,2573.7
20406.4,18220.6,16161.5,14186.7,12428.4,11218.9,10502,9819.67,8875.67,7821.14,7235.09,7022.78,6781.5,6693.93,6715.91,6712.4,6631.56,5873.05,4870.13,4217.37,3801.46,3544.68,3403.97,3347.21,3393.39,3381.63,3369.83,3315.31,3229.36,3102.8,2856.53,2615.83,2371.18,2157.78,2047.13,1996.24,1988.32,1935.91,1745.14,1483.96,1340.36,1371.86,1450.46,1337.82,1203.97,1203.89,1249.11,1281.9,1190.76,1111.45,1113.36,1101.99,1032.65,933.141,825.073,743.301,720.344,709.95,682.898,637.842,538.686,454.957,392.174,373.7,433.35,541.059,672.077,804.909,935.894,1078.33,1242.64,1437.64,1672.98,1940.87,2229.24,2566.01,2573.7
20406.4,18220.6,16161.5,14186.7,12428.4,11218.9,10502,9819.67,8875.67,7821.14,7235.09,7022.78,6781.5,6693.93,6715.91,6712.4,6631.56,5873.05,4870.13,4217.37,3801.46,3544.68,3403.97,3347.21,3393.39,3381.63,3369.83,3315.31,3229.36,3102.8,2856.53,2615.83,2371.18,2157.78,2047.13,1996.24,1988.32,1935.91,1745.14,1483.96,1340.36,1371.86,1450.46,1337.82,1203.97,1203.89,1249.11,1281.9,1190.76,1111.45,1113.36,1101.99,1032.65,933.141,825.073,743.301,720.344,709.95,682.898,637.842,538.686,454.957,392.174,373.7,433.35,541.059,672.077,804.909,935.894,1078.33,1242.64,1437.64,1672.98,1940.87,2229.24,2566.01,2573.7
20406.4,18220.6,16161.5,14186.7,12428.4,11218.9,10502,9819.67,8875.67,7821.14,7235.09,7022.78,6781.5,6693.93,6715.91,6712.4,6631.56,5873.05,4870.13,4217.37,3801.46,3544.68,3403.97,3347.21,3393.39,3381.63,3369.83,3315.31,3229.36,3102.8,2856.53,2615.83,2371.18,2157.78,2047.13,1996.24,1988.32,1935.91,1745.14,1483.96,1340.36,1371.86,1450.46,1337.82,1203.97,1203.89,1249.11,1281.9,1190.76,1111.45,1113.36,1101.99,1032.65,933.141,825.073,743.301,720.344,709.95,682.898,637.842,538.686,454.957,392.174,373.7,433.35,541.059,672.077,804.909,935.894,1078.33,1242.64,1437.64,1672.98,1940.87,2229.24,2566.01,2573.7
20406.4,18220.6,16161.5,14186.7,12428.4,11218.9,10502,9819.67,8875.67,7821.14,7235.09,7022.78,6781.5,6693.93,6715.91,6712.4,6631.56,5873.05,4870.13,4217.37,3801.46,3544.68,3403.97,3347.21,3393.39,3381.63,3369.83,3315.31,3229.36,3102.8,2856.53,2615.83,2371.18,2157.78,2047.13,1996.24,1988.32,1935.91,1745.14,1483.96,1340.36,1371.86,1450.46,1337.82,1203.97,1203.89,1249.11,1281.9,1190.76,1111.45,1113.36,1101.99,1032.65,933.141,825.073,743.301,720.344,709.95,682.898,637.842,538.686,454.957,392.174,373.7,433.35,541.059,672.077,804.909,935.894,1078.33,1242.64,1437.64,1672.98,1940.87,2229.24,2566.01,2573.7
20406.4,18220.6,16161.5,14186.7,12428.4,11218.9,10502,9819.67,8875.67,7821.14,7235.09,7022.78,6781.5,6693.93,6715.91,6712.4,6631.56,5873.05,4870.13,4217.37,3801.46,3544.68,3403.97,3347.21,3393.39,3381.63,3369.83,3315.31,3229.36,3102.8,2856.53,2615.83,2371.18,2157.78,2047.13,1996.24,1988.32,1935.91,1745.14,1483.96,1340.36,1371.86,1450.46,1337.82,1203.97,1203.89,1249.11,1281.9,1190.76,1111.45,1113.36,1101.99,1032.65,933.141,825.073,743.301,720.344,709.95,682.898,637.842,538.686,454.957,392.174,373.7,433.35,541.059,672.077,804.909,935.894,1078.33,1242.64,1437.64,1672.98,1940.87,2229.24,2566.01,2573.7
20406.4,18220.6,16161.5,14186.7,12428.4,11218.9,10502,9819.67,8875.67,7821.14,7235.09,7022.78,6781.5,6693.93,6715.91,6712.4,6631.56,5873.05,4870.13,4217.37,3801.46,3544.68,3403.97,3347.21,3393.39,3381.63,3369.83,3315.31,3229.36,3102.8,2856.53,2615.83,2371.18,2157.78,2047.13,1996.24,1988.32,1935.91,1745.14,1483.96,1340.36,1371.86,1450.46,1337.82,1203.97,1203.89,1249.11,1281.9,1190.76,1111.45,1113.36,1101.99,1032.65,933.141,825.073,743.301,720.344,709.95,682.898,637.842,538.686,454.957,392.174,373.7,433.35,541.059,672.077,804.909,935.894,1078.33,1242.64,1437.64,1672.98,1940.87,2229.24,2566.01,2573.7
20406.4,18220.6,16161.5,14186.7,12428.4,11218.9,10502,9819.67,8875.67,7821.14,7235.09,7022.78,6781.5,6693.93,6715.91,6712.4,6631.56,5873.05,4870.13,4217.37,3801.46,3544.68,3403.97,3347.21,3393.39,3381.63,3369.83,3315.31,3229.36,3102.8,2856.53,2615.83,2371.18,2157.78,2047.13,1996.24,1988.32,1935.91,1745.14,1483.96,1340.36,1371.86,1450.46,1337.82,1203.97,1203.89,1249.11,1281.9,1190.76,1111.45,1113.36,1101.99,1032.65,933.141,825.073,743.301,720.344,709.95,682.898,637.842,538.686,454.957,392.174,373.7,433.35,541.059,672.077,804.909,935.894,1078.33,1242.64,1437.64,1672.98,1940.87,2229.24,2566.01,2573.7
20406.4,18220.6,16161.5,14186.7,12428.4,11218.9,10502,9819.67,8875.67,7821.14,7235.09,7022.78,6781.5,6693.93,6715.91,6712.4,6631.56,5873.05,4870.13,4217.37,3801.46,3544.68,3403.97,3347.21,3393.39,3381.63,3369.83,3315.31,3229.36,3102.8,2856.53,2615.83,2371.18,2157.78,2047.13,1996.24,1988.32,1935.91,1745.14,1483.96,1340.36,1371.86,1450.46,1337.82,1203.97,1203.89,1249.11,1281.9,1190.76,1111.45,1113.36,1101.99,1032.65,933.141,825.073,743.301,720.344,709.95,682.898,637.842,538.686,454.957,392.174,373.7,433.35,541.059,672.077,804.909,935.894,1078.33,1242.64,1437.64,1672.98,1940.87,2229.24,2566.01,2573.7
20406.4,18220.6,16161.5,14186.7,12428.4,11218.9,10502,9819.67,8875.67,7821.14,7235.09,7022.78,6781.5,6693.93,6715.91,6712.4,6631.56,5873.05,4870.13,4217.37,3801.46,3544.68,3403.97,3347.21,3393.39,3381.63,3369.83,3315.31,3229.36,3102.8,2856.53,2615.83,2371.18,2157.78,2047.13,1996.24,1988.32,1935.91,1745.14,1483.96,1340.36,1371.86,1450.46,1337.82,1203.97,1203.89,1249.11,1281.9,1190.76,1111.45,1113.36,1101.99,1032.65,933.141,825.073,743.301,720.344,709.95,682.898,637.842,538.686,454.957,392.174,373.7,433.35,541.059,672.077,804.909,935.894,1078.33,1242.64,1437.64,1672.98,1940.87,2229.24,2566.01,2573.7
20406.4,18220.6,16161.5,14186.7,12428.4,11218.9,10502,9819.67,8875.67,7821.14,7235.09,7022.78,6781.5,6693.93,6715.91,6712.4,6631.56,5873.05,4870.13,4217.37,3801.46,3544.68,3403.97,3347.21,3393.39,3381.63,3369.83,3315.31,3229.36,3102.8,2856.53,2615.83,2371.18,2157.78,2047.13,1996.24,1988.32,1935.91,1745.14,1483.96,1340.36,1371.86,1450.46,1337.82,1203.97,1203.89,1249.11,1281.9,1190.76,1111.45,1113.36,1101.99,1032.65,933.141,825.073,743.301,720.344,709.95,682.898,637.842,538.686,454.957,392.174,373.7,433.35,541.059,672.077,804.909,935.894,1078.33,1242.64,1437.64,1672.98,1940.87,2229.24,2566.01,2573.7
20406.4,18220.6,16161.5,14186.7,12428.4,11218.9,10502,9819.67,8875.67,7821.14,7235.09,7022.78,6781.5,6693.93,6715.91,6712.4,6631.56,5873.05,4870.13,4217.37,3801.46,3544.68,3403.97,3347.21,3393.39,3381.63,3369.83,3315.31,3229.36,3102.8,2856.53,2615.83,2371.18,2157.78,2047.13,1996.24,1988.32,1935.91,1745.14,1483.96,1340.36,1371.86,1450.46,1337.82,1203.97,1203.89,1249.11,1281.9,1190.76,1111.45,1113.36,1101.99,1032.65,933.141,825.073,743.301,720.344,709.95,682.898,637.842,538.686,454.957,392.174,373.7,433.35,541.059,672.077,804.909,935.894,1078.33,1242.64,1437.64,1672.98,1940.87,2229.24,2566.01,2573.7
20406.4,18220.6,16161.5,14186.7,12428.4,11218.9,10502,9819.67,8875.67,7821.14,7235.09,7022.78,6781.5,6693.93,6715.91,6712.4,6631.56,5873.05,4870.13,4217.37,3801.46,3544.68,3403.97,3347.21,3393.39,3381.63,3369.83,3315.31,3229.36,3102.8,2856.53,2615.83,2371.18,2157.78,2047.13,1996.24,1988.32,1935.91,1745.14,1483.96,1340.36,1371.86,1450.46,1337.82,1203.97,1203.89,1249.11,1281.9,1190.76,1111.45,1113.36,1101.99,1032.65,933.141,825.073,743.301,720.344,709.95,682.898,637.842,538.686,454.957,392.174,373.7,433.35,541.059,672.077,804.909,935.894,1078.33,1242.64,1437.64,1672.98,1940.87,2229.24,2566.01,2573.7
20406.4,18220.6,16161.5,14186.7,12428.4,11218.9,10502,9819.67,8875.67,7821.14,7235.09,7022.78,6781.5,6693.93,6715.91,6712.4,6631.56,5873.05,4870.13,4217.37,3801.46,3544.68,3403.97,3347.21,3393.39,3381.63,3369.83,3315.31,3229.36,3102.8,2856.53,2615.83,2371.18,2157.78,2047.13,1996.24,1988.32,1935.91,1745.14,1483.96,1340.36,1371.86,1450.46,1337.82,1203.97,1203.89,1249.11,1281.9,1190.76,1111.45,1113.36,1101.99,1032.65,933.141,825.073,743.301,720.344,709.95,682.898,637.842,538.686,454.957,392.174,373.7,433.35,541.059,672.077,804.909,935.894,1078.33,1242.64,1437.64,1672.98,1940.87,2229.24,2566.01,2573.7
20406.4,18220.6,16161.5,14186.7,12428.4,11218.9,10502,9819.67,8875.67,7821.14,7235.09,7022.78,6781.5,6693.93,6715.91,6712.4,6631.56,5873.05,4870.13,4217.37,3801.46,3544.68,3403.97,3347.21,3393.39,3381.63,3369.83,3315.31,3229.36,3102.8,2856.53,2615.83,2371.18,2157.78,2047.13,1996.24,1988.32,1935.91,1745.14,1483.96,1340.36,1371.86,1450.46,1337.82,1203.97,1203.89,1249.11,1281.9,1190.76,1111.45,1113.36,1101.99,1032.65,933.141,825.073,743.301,720.344,709.95,682.898,637.842,538.686,454.957,392.174,373.7,433.35,541.059,672.077,804.909,935.894,1078.33,1242.64,1437.64,1672.98,1940.87,2229.24,2566.01,2573.7
20406.4,18220.6,16161.5,14186.7,12428.4,11218.9,10502,9819.67,8875.67,7821.14,7235.09,7022.78,6781.5,6693.93,6715.91,6712.4,6631.56,5873.05,4870.13,4217.37,3801.46,3544.68,3403.97,3347.21,3393.39,3381.63,3369.83,3315.31,3229.36,3102.8,2856.53,2615.83,2371.18,2157.78,2047.13,1996.24,1988.32,1935.91,1745.14,1483.96,1340.36,1371.86,1450.46,1337.82,1203.97,1203.89,1249.11,1281.9,1190.76,1111.45,1113.36,1101.99,1032.65,933.141,825.073,743.301,720.344,709.95,682.898,637.842,538.686,454.957,392.174,373.7,433.35,541.059,672.077,804.909,935.894,1078.33,1242.64,1437.64,1672.98,1940.87,2229.24,2566.01,2573.7
20406.4,18220.6,16161.5,14186.7,12428.4,11218.9,10502,9819.67,8875.67,7821.14,7235.09,7022.78,6781.5,6693.93,6715.91,6712.4,6631.56,5873.05,4870.13,4217.37,3801.46,3544.68,3403.97,3347.21,3393.39,3381.63,3369.83,3315.31,3229.36,3102.8,2856.53,2615.83,2371.18,2157.78,2047.13,1996.24,1988.32,1935.91,1745.14,1483.96,1340.36,1371.86,1450.46,1337.82,1203.97,1203.89,1249.11,1281.9,1190.76,1111.45,1113.36,1101.99,1032.65,933.141,825.073,743.301,720.344,709.95,682.898,637.842,538.686,454.957,392.174,373.7,433.35,541.059,672.077,804.909,935.894,1078.33,1242.64,1437.64,1672.98,1940.87,2229.24,2566.01,2573.7
20406.4,18220.6,16161.5,14186.7,12428.4,11218.9,10502,9819.67,8875.67,7821.14,7235.09,7022.78,6781.5,6693.93,6715.91,6712.4,6631.56,5873.05,4870.13,4217.37,3801.46,3544.68,3403.97,3347.21,3393.39,3381.63,3369.83,3315.31,3229.36,3102.8,2856.53,2615.83,2371.18,2157.78,2047.13,1996.24,1988.32,1935.91,1745.14,1483.96,1340.36,1371.86,1450.46,1337.82,1203.97,1203.89,1249.11,1281.9,1190.76,1111.45,1113.36,1101.99,1032.65,933.141,825.073,743.301,720.344,709.95,682.898,637.842,538.686,454.957,392.174,373.7,433.35,541.059,672.077,804.909,935.894,1078.33,1242.64,1437.64,1672.98,1940.87,2229.24,2566.01,2573.7
20406.4,18220.6,16161.5,14186.7,12428.4,11218.9,10502,9819.67,8875.67,7821.14,7235.09,7022.78,6781.5,6693.93,6715.91,6712.4,6631.56,5873.05,4870.13,4217.37,3801.46,3544.68,3403.97,3347.21,3393.39,3381.63,3369.83,3315.31,3229.36,3102.8,2856.53,2615.83,2371.18,2157.78,2047.13,1996.24,1988.32,1935.91,1745.14,1483.96,1340.36,1371.86,1450.46,1337.82,1203.97,1203.89,1249.11,1281.9,1190.76,1111.45,1113.36,1101.99,1032.65,933.141,825.073,743.301,720.344,709.95,682.898,637.842,538.686,454.957,392.174,373.7,433.35,541.059,672.077,804.909,935.894,1078.33,1242.64,1437.64,1672.98,1940.87,2229.24,2566.01,2573.7
20406.4,18220.6,16161.5,14186.7,12428.4,11218.9,10502,9819.67,8875.67,7821.14,7235.09,7022.78,6781.5,6693.93,6715.91,6712.4,6631.56,5873.05,4870.13,4217.37,3801.46,3544.68,3403.97,3347.21,3393.39,3381.63,3369.83,3315.31,3229.36,3102.8,2856.53,2615.83,2371.18,2157.78,2047.13,1996.24,1988.32,1935.91,1745.14,1483.96,1340.36,1371.86,1450.46,1337.82,1203.97,1203.89,1249.11,1281.9,1190.76,1111.45,1113.36,1101.99,1032.65,933.141,825.073,743.301,720.344,709.95,682.898,637.842,538.686,454.957,392.174,373.7,433.35,541.059,672.077,804.909,935.894,1078.33,1242.64,1437.64,1672.98,1940.87,2229.24,2566.01,2573.7
21025.8,18741.1,16065.7,14156,12682.9,11639.2,10971.2,10055.3,9016.98,8005.81,7343.15,7055.19,6575.57,6334.35,6439.44,6613.01,6838.77,6364.15,5542.21,4588.33,3887.49,3435.88,2987.19,2992.94,3300.61,3312.9,3293.85,3310.99,3166,2870.44,2625.62,2416.01,2252.94,2151.24,1946.89,1839.05,1893.73,1916.81,1753.82,1481.47,1305.92,1318.03,1403.04,1265.2,1131.95,1142.5,1219.11,1269.51,1163.47,1100.75,1108.77,1083.12,994.454,901.718,815.125,720.31,684.649,670.486,661.836,603.707,497.052,423.269,373.215,366.401,414.516,506.985,625.083,753.532,885.585,1024.54,1180.78,1364.43,1586.59,1833.9,2102.78,2431.62,2438.73
21181.2,19083,16737,14802.1,12831.8,11191.3,9988.31,9133.8,8194.45,7351.89,6949.06,6669.72,6057.2,5843.57,6032.63,6188.52,6379.97,5812.02,4970.24,4076.01,3599.15,3388.38,3002.63,2917.12,3067.19,2854.5,2705.34,2621.2,2641.37,2637.81,2576.75,2349.22,2159.23,1879.68,1621.12,1728.93,1952.11,1837.86,1505.18,1329.11,1276.04,1344.85,1411.71,1269.61,1167.22,1140.36,1201.76,1283.19,1170.48,1132.68,1168.86,1119.35,1049.73,928.353,830.406,771.947,724.409,692.922,678.724,614.566,519.162,452.395,394.281,388.044,436.505,525.579,648.158,777.331,911.407,1057.46,1214.53,1399.23,1625.01,1878.87,2152.04,2477.52,2485.14
20937.8,18424.5,15607.4,13400.8,11611.2,10341.3,9508.64,9084.61,8336.27,7426.51,6715.46,6413.49,5869.25,5581.48,5911.29,6395.42,6758.94,6230.61,5239.16,4000.97,3578.61,3360.64,2789.03,2770.82,2879.98,2539.77,2416.78,2442.37,2587.6,2654.08,2616.66,2530.98,2382.01,1895.8,1435.05,1506.77,1753.92,1666.37,1407.82,1325.94,1276.92,1338.21,1401.88,1270.43,1205.98,1195.53,1277,1347.08,1193.8,1153.71,1213.21,1172.95,1118.12,981.055,844.792,790.982,761.448,722.274,687.475,611.58,527.54,469.107,405.543,384.999,428.592,515.464,634.123,772.459,913.754,1064.02,1224.98,1415.01,1644.01,1907.14,2190.54,2526.67,2533.83
21073,18500.7,15767.3,13550.9,11901.6,10900.2,10021.3,9330.95,8069.94,6802.44,6349.5,6292.24,5401.58,4964.39,5168.08,5491.79,5898.2,5597.54,5110.33,4421.16,3875.97,2932.4,2148.53,2196.63,2574.58,2708.55,2735.21,2783.61,3018.39,2927.92,2666.57,2657.87,2454.62,1615.45,1148.33,1396.91,1833.92,1973.95,1763.81,1491.07,1347.94,1399.7,1360.77,1216.9,1157.43,1139.98,1209.59,1243.04,1142.46,1143.13,1188.24,1165.54,1075.29,967.358,850.419,753.742,734.093,712.084,654.859,583.766,525.196,465.47,403.972,379.389,423.288,507.87,612.951,754.601,899.594,1049.16,1210.61,1395.31,1623.16,1885.02,2164.21,2507.62,2512.91
21786.9,19301.5,16652.5,14708.3,13492.5,12580.9,11492.5,10455.3,8548.06,6986.77,6550.81,6444.76,5819.72,5553.24,5561.39,5947.72,6633.84,6074.21,5483.72,4792.38,4203.91,3002.9,1921.62,1926.48,2184.28,2268.25,2358.13,2561.77,2879.96,2754.79,2451.56,2471.58,2333.31,1659.26,1096.55,1264.91,1747.5,1879.33,1673.21,1378.86,1207.83,1330.64,1249.83,1083.67,1046.94,1049.97,1112.66,1145.36,1049.16,1055.75,1109.04,1076.37,1001.08,893.792,811.258,707.756,680.142,687.827,635.987,581.35,517.572,451.201,374.433,339.325,393.088,479.547,572.468,699.435,836.265,972.047,1115.8,1283.68,1495.66,1742.52,2001.94,2313.57,2318.95
22493.6,19633.4,16668.7,14723.6,13491.5,12698.9,11897.2,11093.5,8637.43,6513.73,6054.15,6123.84,5381.58,5004.27,5239.21,5774.34,6549.38,6272.28,5622.74,4966.98,4417.69,3792.41,2648.63,2305.46,2427.85,2383.74,2406.27,2699.95,3155.86,2671.61,2118.28,2159.29,2119.44,1623.71,1136.09,1276.73,1765.19,1978.17,1848.31,1515.39,1275.73,1365.12,1321.13,1160,1081.55,1068.9,1136.58,1144.1,1040.26,1034.99,1094.51,1049.48,993.192,909.298,780.345,685.139,687.199,680.361,618.056,552.182,489.541,427.066,359.088,349.142,400.918,475.026,573.707,704.367,844.022,983.265,1129.94,1297.25,1506.58,1759.59,2024.37,2337.46,2342.8
22493.6,19633.4,16668.7,14723.6,13491.5,12698.9,11897.2,11093.5,8637.43,6513.73,6054.15,6123.84,5381.58,5004.27,5239.21,5774.34,6549.38,6272.28,5622.74,4966.98,4417.69,3792.41,2648.63,2305.46,2427.85,2383.74,2406.27,2699.95,3155.86,2671.61,2118.28,2159.29,2119.44,1623.71,1136.09,1276.73,1765.19,1978.17,1848.31,1515.39,1275.73,1365.12,1321.13,1160,1081.55,1068.9,1136.58,1144.1,1040.26,1034.99,1094.51,1049.48,993.192,909.298,780.345,685.139,687.199,680.361,618.056,552.182,489.541,427.066,359.088,349.142,400.918,475.026,573.707,704.367,844.022,983.265,1129.94,1297.25,1506.58,1759.59,2024.37,2337.46,2342.8
21851.4,18490.1,15351.7,13813.6,12853.2,12098.7,11401.4,10720.6,8192.48,6244.59,5936.44,5883.71,5294.06,5098.38,5305.66,5820.43,6569.44,6139.18,5204,4243.24,3907.43,3745.68,3022.15,2658.24,2744.41,2609.37,2476.65,2717.04,3207.39,2924.32,2407.58,2426.49,2289.92,1685.2,1115.75,1283.5,1833.73,1999.25,1932.73,1690.76,1406.32,1485.15,1492.46,1308.32,1186.18,1178.75,1247.12,1218.38,1137.43,1158.4,1194.5,1164.31,1120.66,992.571,847.982,732.573,724.865,722.314,649.423,571.651,515.388,463.463,381.915,369.351,410.721,479.477,599.134,746.383,898.543,1047.33,1203.04,1384.73,1611.18,1885.83,2174.2,2500.16,2506.47
20296.6,16665.2,13369.2,12227.3,11439.1,10677.4,10248.4,9653.8,7583.64,5668.98,5183.25,5069.02,4591.07,4537.88,4899.95,5551.97,6238.8,5821.93,5155.79,4614.36,4543.61,4029.98,2812.92,2445.59,2666.12,2575.99,2338.65,2466.19,2867.04,2698.3,2343.48,2441.57,2378.2,1724.62,1238.59,1426.23,1930.43,1921.31,1789.51,1632.17,1357.82,1414.42,1448.21,1243.65,1158.93,1133.61,1184.91,1105.85,985.6,1030.2,1110.38,1104.72,1052.34,929.451,798.71,705.372,704.313,694.064,613.902,535.002,482.196,442.026,356.265,329.292,358.397,413.612,513.197,640.158,775.439,906.183,1043.89,1206.73,1413.17,1664.51,1928.58,2231.4,2237.35
20139.8,16272.8,12981.2,11869.3,10934.8,10153.8,9575.3,8812.52,7312.42,5213.03,4333.32,4471.53,4624.08,4940.36,5359.32,5800.24,6304.53,5713.73,4925.49,4662.44,4805.75,4310.82,2954.61,2672.49,2966.72,2997.35,2853.39,3023.86,3450.53,2900.06,2455.2,2675.28,2462.69,1720.82,1194.38,1355.4,1839.96,1970.88,1835.02,1659.3,1452.48,1479.22,1474.15,1236.18,1159.68,1197.56,1262.57,1131.95,1007.45,1043.6,1101.95,1129.68,1097.77,988.183,835.4,730.704,733.224,720.535,635.383,557.382,516.815,451.802,360.857,349.215,396.356,459.84,533.683,643.768,793.589,942.916,1099.92,1284.62,1504.01,1765.24,2044.8,2367.26,2375.26
19890.5,16502.2,13634.7,12308.4,11008.4,10218.1,9659.75,9114.46,7771.37,5428.57,4520.76,4653.91,4664.45,4787.23,5164.5,5567.34,5913.35,5641.66,4878.15,4266.46,4173.83,3605.85,2564.23,2336.41,2452.38,2521.79,2506.47,2652.64,3080.88,2557.81,2133.32,2361.39,2294.54,1859.93,1372.14,1444.09,1794.26,1656.85,1379.23,1328.62,1335.35,1408.11,1472.98,1276.62,1202.85,1207.48,1219.42,1112.44,1023.15,1054.32,1126.34,1183.05,1122.53,958.943,846.46,742.245,739.778,760.181,692.547,618.603,565.726,481.474,374.843,346.168,398.727,480.979,575.419,704.192,856.083,1005.83,1160.38,1342.16,1571.33,1845.74,2138.02,2481.37,2487.56
20146.1,17218.4,14334.4,12780.9,11600.5,10924.8,10306.9,9514.23,7927.57,5414.44,4633.87,4872.71,4656.99,4706.22,5213.17,5764.31,6248.67,5824.46,4711.42,3992.11,3850.34,3294.11,2296.79,2010.31,2067.55,2269.86,2322.43,2458.97,2925.1,2737.35,2449.54,2669.99,2373.13,1732,1149.36,1282.99,1798.06,1832.57,1474.29,1354.1,1331.38,1353.29,1460.35,1260.89,1154.22,1188.61,1208.85,1105.2,979.614,1016.14,1112.55,1128.89,1025.99,897.282,832.692,720.076,714.502,741.607,674.288,607.399,552.679,475.649,363.886,327.869,389.403,489.195,590.668,705.32,837.149,975.638,1120.87,1292.81,1521.93,1789.4,2056.84,2378.87,2384.57
19421.9,16347.2,13567.7,12221.3,11065.2,10229.9,9802.36,9457.6,8621.41,7165.88,6508.76,6243.38,5488.27,5415.84,6070.92,6529.21,6780.62,6296.14,5418.2,4832.67,4554.03,3511.56,1735.56,1536.63,1793.79,2193.32,2480.29,2648.07,2998.12,2911.56,2626.31,2744.85,2394.41,1778.76,1170.97,1275.85,1769.85,1800.69,1409.92,1304.93,1298.7,1308.12,1426.2,1307.86,1201.7,1193.76,1201.33,1078.21,957.241,1022.43,1126.55,1137,1040.01,892.532,829.186,732.671,719.962,747.471,687.648,647.93,579.147,477.413,388.75,352.377,404.132,501.708,597.486,713.803,850.196,989.126,1138.86,1319.07,1553.41,1822.34,2097.64,2435.73,2440.34
20314.4,16910.4,13749.2,12281.8,11530.2,11168.2,10762.3,10440.5,9358.45,7830.08,7585.43,7592.91,6305.05,5972.16,6704.68,7081.21,7167.11,6318.51,5554.52,5229.34,4981.2,3702.52,1603.33,1479.77,1758.93,2163.73,2537.99,2759.74,3051.47,2784.7,2373.31,2400.35,2216.72,1944.52,1314.01,1254.68,1646.24,1775.93,1528.18,1372.26,1324.63,1332.96,1423.72,1248.11,1148.28,1193.95,1216.93,1115.69,973.016,1003.45,1107.69,1119.95,1041.34,910.744,800.787,695.166,698.893,717.306,664.884,627.813,556.805,424.245,355.027,337.291,360.927,450.501,555.248,676.376,815.007,960.72,1104.06,1277.62,1511.92,1773.72,2036.86,2355.6,2359.67
19980.1,16960.5,14086.3,12581.9,11434.9,10787.1,10735.9,10511.1,9595.47,8157.13,7772.06,7719.91,6298.1,6106.81,7153.58,7523.38,7639.45,7161.03,6178.91,4780.25,4193.95,3002.94,1801.84,1826.81,2111.27,2500.84,2883.98,3022.7,3244.17,2789.31,2338.77,2357.6,2095.35,1762,1146.43,1190.13,1553.12,1640.34,1474.99,1391.28,1308.07,1271.35,1420.56,1272.22,1147.55,1190.54,1236.73,1119.88,952.689,1000.82,1129.44,1119.77,1052.73,911.36,805.873,685.833,687.294,721.784,666.984,626.522,554.401,412.203,345.821,336.946,361.465,452.891,545.064,652.912,794.468,944.635,1097.01,1282.98,1521.16,1784.58,2053.7,2381.34,2384.77
18504.1,15058.9,12138.6,10914.8,10150,9869.03,9775.85,9500.28,8501.74,7437.88,7487.72,7598.03,6283.09,6125.58,7135.12,7544.86,7767.1,7361.95,6446.8,4946.32,4415.13,3136.17,1966.98,2030.87,2293.39,2686.19,3099.4,3286.32,3550.02,3158.22,2704.32,2650.67,2119.5,1614.04,1096.94,1222.25,1592.33,1702.17,1539.86,1418.69,1373.82,1339.19,1447.45,1299.73,1177.98,1214.65,1272.05,1174.45,1008.19,1065.2,1201.14,1184.07,1126.53,989.727,879.804,727.344,716.8,776.45,735.152,691.924,601.434,445.129,382.778,360.46,368.628,463.888,573.93,702.228,856.534,1022.02,1189.98,1387.2,1639.53,1915.09,2199.35,2561.69,2565.06
19933,15741.7,12239.9,11311.6,10849.1,10821.7,10633.9,9883.42,8408.37,6766.97,6497.87,6739.65,5810.4,5867.87,6975.98,7381.86,7522.83,6919.12,5976.62,4579.28,4152.14,3000.73,1984.77,2240,2583.71,2725,2893.9,3005.88,3297.24,2885.66,2355.71,2363.02,1985.08,1588.52,1098.69,1223.78,1545.62,1586.76,1431.35,1335.99,1331.73,1258.28,1343.71,1256.92,1144.69,1201.81,1291.85,1260.82,1048,1031.13,1180.47,1137.04,1029.01,932.554,858.183,734.927,714.592,743.193,699.558,678.525,601.818,471.219,412.242,378.736,395.12,484.848,572.043,685.813,829.09,985.818,1154.21,1348.12,1600.19,1874.98,2142.29,2483.64,2486.87
19813.7,15039.4,11388.9,10546.2,10336.3,10416.6,10026.3,9244.5,7863.74,6201.41,6075.64,6671.81,5914.59,5965.45,7002.02,7439.54,7732.45,7075.34,6155.95,4831.19,4378.18,3291.82,2230.59,2455.72,2824.3,2903.23,3007.5,3107.02,3394.15,2861.55,2232.31,2251.49,1975.13,1565.5,1168.98,1308.61,1602.78,1624.5,1407.95,1288.77,1300.55,1255.85,1344.28,1250.9,1152.71,1208.38,1281.38,1266.41,1038.34,1019.24,1183.09,1139.93,1028.75,929.821,857.588,712.471,696.068,739.653,691.475,679.009,593.056,465.56,407.913,376.643,412.642,513.223,589.503,688.297,825.184,971.932,1129.95,1313.49,1558.29,1825.24,2081.45,2412.31,2415.43
20797.7,15369.7,11220.2,10239.6,9768.67,9854.76,9436.89,8537.26,6632.87,4860.85,5014.17,5796.9,5667.09,6178.6,7066.76,7396.85,7639.31,7295.6,6694.38,5238.67,4666.77,3921.29,2725.14,2739.75,3088.5,3065.14,3109.41,3256.94,3540.64,3033.84,2311.2,2237.09,1883.75,1596.34,1022.6,1103.6,1446.41,1537.61,1521.87,1445.03,1343,1291.21,1355.99,1276.96,1190.9,1226.05,1306.58,1275.06,1015.24,992.709,1136.75,1160.66,1108.38,949.616,837.116,659.942,649.99,725.036,705.997,714.996,603.065,461.776,417.392,371.175,385.102,475.305,560.683,678.58,817.752,961.636,1120.54,1311.35,1557.6,1834.68,2103.9,2425.17,2429.2
21103.8,11979.6,7155.43,7086.87,7369.84,8022.81,7800.56,7267.55,5798.85,4046,4114.05,4858.27,4865.28,5468.28,6298.26,6611.21,7042.34,6825.29,6328.9,5298.58,4921.03,4208.67,2779.61,2780.17,3291.11,3097.67,3009.31,3281.52,3598.19,3274.62,2687.09,2640.28,2372.12,1988.39,1043.43,1090.3,1380.1,1429.5,1364.71,1359.4,1336.47,1270.54,1315.84,1257.86,1158.02,1151.26,1245.52,1250.25,1031.78,1011.36,1151.58,1172.61,1119.47,949.783,841.259,643.192,625.58,691.098,688.413,711.173,598.707,475.104,423.211,367.465,388.73,481.626,576.014,708.867,853.277,996.844,1152.64,1342.47,1586.34,1871.75,2148.31,2456.84,2461.74
23230.6,12665.4,7179.97,7301.96,7787.04,8384.89,8777.01,8677.36,6880.81,4676.86,4672.4,5521.84,5355.01,5906.49,6827.47,7273.08,7971.34,7642.44,6868.77,5345.22,4860.82,4713.05,3156.55,2811.96,3335.49,3408.64,3471.87,3777.73,4023.42,3493.91,2688.43,2570.59,2369.36,2048.64,1073.38,1087.75,1253.8,1390.88,1525.41,1432.41,1406.39,1297.28,1289.09,1255.52,1141.22,1119.03,1232.68,1306.83,1094.99,1067.14,1198.65,1216.38,1190.78,1001.31,860.559,678.684,659.589,708.412,702.563,726.546,592.281,469.485,441.997,391.015,409.392,508.734,612.102,757.591,919.602,1080.15,1247.31,1449.09,1708.71,2008.07,2301.08,2624.92,2629.97
23584.7,13360.4,7695.01,7722.32,7932.99,8368.79,9145.39,9138.02,6711.45,4255.83,4381.67,5298.6,5090.84,5602.25,6558.22,7121.27,7938.77,7653.79,7073.25,5634.01,5010.94,4492.55,2996.25,2809.1,3401.17,3682.35,3849.26,4200.58,4538.49,3843.28,2515.52,2251.8,2253.97,2137.55,1251.82,1166.54,1262.48,1322.22,1431,1457.22,1487.5,1372.6,1346.79,1324.46,1227.8,1194.13,1304.38,1381.76,1133.11,1121.5,1276.15,1283.78,1243.99,1044.3,918.442,746.241,722.284,750.321,732.825,754.97,611.26,501.552,463.063,402.73,429.023,542.093,666.809,828.97,1002.29,1162.5,1327.93,1529.84,1794.8,2118.41,2436.8,2777.05,2781.87
22893.4,13633.2,8294.84,8389.28,8668.07,9118.5,9828.79,9809.14,7092.19,4383.94,4444.1,5227.7,5106,5737.12,6551.12,6895.04,7664.48,7430.69,6800.04,5665.85,5169.35,4857.33,3169.95,2768.73,3359.97,3525.9,3589.54,3991.48,4380.25,3921.52,2425.19,2034.68,2096.5,2056.31,1333.53,1189.52,1240.18,1269.7,1370.14,1426.05,1472.67,1350.44,1313.52,1298.07,1208.51,1152.35,1258.71,1308.17,1059.96,1067.34,1237.39,1200.47,1138.34,965.15,837.295,695.288,682.055,693.135,682.011,703.413,579.663,482.973,432.174,390.389,436.09,551.639,675.564,830.395,994.959,1143.9,1301.11,1497.44,1756.42,2073.8,2389.23,2730.9,2735.54
22382.4,13298.5,8017.02,8012.63,8237.85,8621.75,9071.36,8815.92,6955,4623.01,4470.64,5305.36,5435.23,5982.35,6472.46,6588.83,7347.13,7250.04,6730.39,5965.24,5396.39,4882.77,3272.35,2938.28,3545.51,3776.36,3942.31,4372.82,4725.61,4065.18,2592.8,2134.62,2047,1962.8,1467.94,1338.14,1387.94,1377.3,1455.84,1467.21,1480.68,1388.51,1350.1,1354.86,1257.41,1198.57,1332.84,1375.35,1066.81,1066.35,1262.26,1233.47,1161.4,990.013,844.547,722.684,722.309,725.816,705.607,712.615,603.51,501.437,440.183,402.109,448.389,563.539,680.852,834.344,1005.06,1165.64,1335.09,1544.37,1818.81,2144.49,2466.37,2811.32,2814.6
23051.5,15637.1,10196.8,9615.84,9368.64,9249.59,9761.05,10082.8,8475.53,5501.55,4870.82,5657.87,5977.6,6630.06,7317.76,7584.76,8282.02,7817.62,6580.01,4503.59,3818.37,3680.78,2738.58,2669.32,3089.16,3016.32,3020.23,3457.01,3969.09,3835.06,2757.65,2279.32,2013.28,1951.91,1490.53,1340.35,1525.61,1576.98,1616.94,1621.08,1659.05,1574.49,1499.29,1469.24,1429.8,1379.55,1515.66,1619.88,1140.78,1091.51,1364.11,1325.09,1282.42,1082.7,888.3,784.472,755.827,739.753,738.511,769.66,623.885,527.651,480.272,435.169,484.802,610.909,767.169,952.894,1140.6,1314.71,1499.18,1723.29,2018.91,2358.94,2708.76,3093.08,3096.22
22509.1,16639.5,11675.5,10724.2,9850.9,9324.89,9628.08,9899.58,8352.3,5889.56,5343.77,6024.29,6423.57,7012.72,7758.92,8216.1,8706.67,8080.32,6543.43,4417.76,3901.52,3719.25,2876.77,3047.38,3603.97,3710.52,3861.68,4199.86,4609.72,3996.39,2318.07,2004.43,2133.44,2164.41,1587.32,1269.4,1392.3,1685.12,1830.51,1755.87,1785.17,1585.7,1531.21,1520.84,1364.76,1343.4,1545.84,1505.87,1151.8,1184.71,1389.19,1395.38,1394.64,1032.85,843.913,777.326,754.758,761.806,766.832,739.498,577.211,511.366,463.832,436.046,457.094,544.164,708.105,894.009,1079.76,1252.96,1434.88,1653.48,1943.49,2271.07,2613.24,2998.86,3002.74
22647.7,18480.5,14448.7,13114.9,11835.6,10973,10626.7,10519.2,9026.12,6634.95,6160.3,6982.74,7412.21,7799.64,8290.73,8719.61,9108.39,7620.42,5946.02,4522.24,4320.36,3680.05,2637.96,2863.35,3515.77,3770.24,3973.08,4323.74,4745.59,4303.3,2506.08,2108.67,2061.82,2012.58,1512.2,1204.35,1291.5,1628.36,1824.7,1695.58,1720.76,1548.36,1504.82,1447.82,1296.37,1335.12,1529.54,1477.42,1154.67,1179.33,1352.91,1327.62,1308.93,1026.31,849.463,765.713,736.263,712.494,711.059,707.986,557.01,500.873,454.384,419.881,446.554,525.436,674.861,849.536,1018.51,1177.03,1344.71,1545.98,1825.16,2144.23,2470.96,2841.45,2845.13
21665.9,17411.7,13150.6,11654.1,10625.2,9826.84,9138.21,8937.04,7232.98,5254.48,5278.65,6254.16,7098.68,7753.53,8229.86,8730.63,9238.42,8046.21,6858.06,5095.61,4471.83,4003.97,2901.15,3166.43,3842.31,3752.15,3796.2,4179.51,4645.27,4386.23,3132.4,2635.1,2439.57,2345.97,2022.7,1438.9,1359.07,1762.16,1975.33,1729.06,1691.2,1520.96,1476.65,1450.12,1309.1,1318.1,1497.97,1375.43,1057.99,1105.68,1311.62,1260.42,1131.55,936.551,827.496,741.524,714.823,673.461,656.126,659.949,517.021,464.189,410.264,372.746,407.632,486.891,618.181,769.053,926.905,1078.1,1242.89,1440.77,1712.05,2022.6,2340.08,2698.75,2701.16
20772.3,17916.1,14030.6,11952,10229.6,9114.34,8062.85,7503.2,5951.01,4526.55,4949.72,5873.77,6432.54,7047.29,7691.9,8320.91,8759.34,7870.82,6861.46,5318.36,4587.89,3880.4,2759.56,3011.27,3818.22,4052.09,4164.26,4353.26,4568.88,3693.08,2842.58,2741.49,2681.54,2609.3,2061.8,1298.89,1223.6,1638.34,1908.94,1781.18,1745.46,1653.77,1635.55,1628.01,1375.17,1306.1,1520.3,1452.16,1084.29,1113,1348.52,1323.79,1184.73,953.586,844.191,771.772,764.783,695.509,660.52,669.622,519.933,459.936,419.661,386.918,422.168,515.24,647.628,797.086,955.155,1100.87,1263.65,1455.3,1716.39,2025.4,2337.53,2690.89,2693.27
21534,18189.2,13160.2,10389.1,8924.92,8288.56,7229.19,6631.91,5687.55,4494.02,4836.63,5688.88,6115.18,6494.75,7032.63,7725.25,8209.53,7463.24,6586.21,5344.33,4801.45,4264.7,3189.47,3379.39,3931.16,3999.36,4172.24,4429.56,4604.08,3673.38,2852.54,2669.11,2576.87,2495.79,2019.75,1409.54,1213.68,1509.24,1837.43,1745.18,1704.49,1664,1681.19,1648.51,1351.58,1264.26,1480.07,1438.78,1057.33,1070.12,1333.45,1295.45,1148.54,951.595,846.246,769.256,760.016,702.994,667.755,674.021,516.095,446.803,419.661,404.758,449.731,548.265,678.604,820.087,969.637,1110.66,1272.5,1469.71,1739.97,2051.1,2366.1,2729.54,2731.52
24402.1,20603.2,14045.5,10205.9,8774.42,8328.32,7692.51,7498.91,6099.68,4577.99,4924.81,5805.62,6394.55,7222.66,8168.31,8918.1,9337.39,7431.1,5905.57,5216.65,5049.03,4608.2,3145.83,3139,3886.68,4028.14,4136.31,4515.88,4763.43,4175.91,3270.46,2998.83,3042.56,2888.31,1953.68,1213.31,1101.86,1504.15,1879.18,1798.94,1765.28,1705.41,1704.58,1681.2,1390.9,1263.59,1438.62,1519.17,1117.3,1094.17,1346.55,1312.19,1207.59,1019.08,875.732,766.651,751.368,705.661,663.535,648.931,497.816,433.763,409.721,392.627,423.165,508.952,624.982,756.381,899.768,1024.78,1168.99,1347.88,1590.12,1865.22,2137.76,2478.25,2480.11
24904.9,21264.3,15280.7,11004.9,8854.67,8393.47,7507.37,7171.46,6253.87,4141.97,4065.58,5068.56,5782.42,6611.77,7591.93,8497.03,9096.33,7609.94,6233.07,5580.56,5350.88,4965.13,3121.24,2919.47,3577.58,3829.55,4194.92,4701.86,4778.46,3985.58,3029.59,2813.08,2923.31,2706.49,1803.16,1153.39,1045.76,1442.29,1865.65,1785.03,1758.52,1751.83,1740.23,1765.13,1471.79,1328.67,1521.26,1584.13,1255.06,1259.63,1491.32,1474.18,1380.63,1142.14,940.16,837.032,848.564,799.093,748.245,758.497,603.484,522.623,463.175,423.211,439.33,506.119,635.713,791.136,949.84,1088.37,1245.49,1434.98,1698.61,2005.44,2300.93,2657.87,2659.92
24513.6,20406.8,15235.5,12207.4,9843.57,8863.41,7786.04,7303.11,5890.1,4160.94,4433.02,5495.17,6090.01,6744.97,7637.95,8550.19,9225.82,7448.35,6091.89,5712.19,5435.19,4736.26,2640.12,2522.28,3246.3,3583.82,4041,4601.18,4699.02,3759.44,2903.46,2884.43,3043.87,2649.79,1652.87,1147.48,1116.23,1555.76,2003.29,1870.04,1805.32,1791.84,1782.55,1822.75,1553.79,1440.22,1621.17,1672.88,1335.4,1321.2,1544.29,1548.06,1419.08,1160.64,964.996,841.464,846.023,813.78,785.634,771.558,595.661,507.815,449.859,423.473,485.481,577.033,692.312,834.095,979.021,1113.9,1277.83,1476.01,1740.18,2040.14,2317.93,2662.79,2664.24
24282,20478.7,15446.3,12022,9522.28,8529.44,7276.18,6806.16,5641.79,3957.94,4251.36,5315.38,5892.5,6581.65,7475.05,8400.41,9048.3,6949.21,5540.15,5508.67,5648.59,5000.38,2877.85,2641.45,3321.49,3504.79,3803.34,4418.33,4570.56,3714.47,2970.05,3015.12,3065.12,2549.68,1598.13,1184.36,1104.95,1469.41,1873.03,1820.75,1821.87,1808.46,1817.77,1828.38,1581.16,1492.17,1653.19,1705.58,1429.27,1414.07,1609.84,1591.68,1435.73,1173.08,978.116,849.943,856.124,821.81,789.392,774.111,604.08,523.55,462.55,431.528,500.418,592.367,708.982,856.263,1003.03,1146.24,1313.38,1509.98,1773.25,2069.33,2351.53,2701.94,2703.69
24389.3,20636.7,15421.4,11703.7,9312.98,8197.21,7370.63,7397.79,6497.44,4877.22,4972.18,5548.42,5978.02,6838.31,7760.17,8786.53,9399.59,7364.78,6118.07,6015.61,6187.77,5786.93,4113.49,3760.5,4054.98,4076.9,4483.95,5292.01,5735.48,5160.71,4201.28,3936.23,3871.55,3088.23,1949.38,1310.02,1211.04,1647.5,2097.58,1899.16,1786.14,1848.8,1944.85,1782.89,1501.58,1503.51,1708.89,1817.49,1429.05,1363.73,1606.19,1514,1356.09,1152.46,920.79,818.135,858.956,832.109,800.331,768.158,580.84,505.843,443.763,399.92,453.63,541.946,673.602,818.189,957.936,1106.93,1279.56,1482.82,1745.19,2024.24,2298.7,2648.55,2651.24
23196.9,19406.4,13666.7,9938.05,8499.95,8001.58,7022.73,6790.11,6030.45,4730.07,4950.08,5526.02,5830.36,6435.11,7124.3,8086.15,8780.23,7096.89,6017.8,6076.02,6373.14,6161.9,3912.6,3333.36,3729.22,3799.74,4184.11,5004.09,5605.26,5080.06,3921.89,3521.03,3543.18,2739.99,1921.53,1481.71,1307.71,1667.36,2023.56,1890.35,1810.61,1844.47,1923.45,1774.3,1487.78,1495.05,1733.13,1814.62,1440.09,1397.03,1609.84,1509.38,1376.02,1148.3,922.865,829.456,848.604,771.804,736.065,718.671,550.088,498.065,459.494,422.193,482.804,573.84,690.862,815.175,939.757,1086.62,1262.34,1469.17,1728.18,1997.33,2258.35,2604.34,2606.12
23937.7,19209.2,13315.9,9287.08,7787.99,7626.72,6844.89,6658.4,5776.56,4545.89,5013.27,5251.14,5124.74,5711.45,6464.67,7481.1,8415.42,7537.72,6566.9,6158.71,6216.95,6127.89,3989.18,3536.27,4078.04,4209.23,4612.71,5418.38,5986.53,5161.54,3607.09,3120.01,3488.75,3130.86,2027.87,1466.76,1297.43,1646.69,1879.17,1761.35,1796.84,1891.49,2014.79,1830.87,1547.85,1604.24,1849.2,1955.3,1577.34,1514.8,1747.8,1595.8,1388.44,1130.4,928.816,878.343,898.749,836.109,794.393,791.061,596.11,507.422,493.46,453.459,514.667,628.691,756.478,898.062,1040.85,1207.8,1396.18,1613.9,1890.72,2177.56,2459.19,2840.09,2842.1
23572.1,18806.9,13214,9697.51,8378.44,8244.39,7193.42,6941.86,6094.8,4843.8,5338.55,5685.49,5604.64,6212.95,6985.89,7972.52,8947.34,7902.9,6832.3,6333.13,6276.79,6305.02,3840.77,3333.57,3871.06,4164.74,4753.01,5507.14,5983.12,5225.13,3890.45,3393.58,3691.33,3034.58,1990.39,1528.12,1428.8,1817.06,2029.7,1874.06,1866.29,1939.17,2062.02,1870.88,1501.25,1545.55,1831.07,1924.09,1548.48,1499.79,1742.16,1623.91,1396.28,1112.18,925.942,904.912,955.676,889.134,845.93,809.112,607.868,523.801,516.993,472.339,525.426,644.93,764.179,919.388,1081.91,1252.61,1446.37,1671.35,1955.27,2242.37,2529.26,2924.13,2925.65
23169.2,19817,14134.4,9707,8046.11,8140.6,7391.62,7106.58,5820.07,4218.8,4567.26,5175.25,5559.17,6502.49,7426.87,8303.15,9103.2,7557.07,6152.06,5555.78,5540.62,5939.83,3869.17,3283.13,3724.75,3795.07,4162.62,4881.45,5118.2,4399.99,3373.52,2951.57,3217.16,2307.15,1765.33,1585.45,1356.59,1561.69,1729.15,1599.87,1678.6,1834.41,1930.43,1826.6,1535.67,1536.97,1815.19,1983.73,1533.09,1469.02,1759.7,1621.63,1408.2,1203.51,1016.87,927.002,923.005,873.441,858.925,819.485,607.661,519.606,519.248,460.462,486.425,595.027,721.882,884.56,1050.35,1224.81,1416.91,1642.22,1931.62,2217.85,2517.51,2936.25,2937.86
22691.6,19449,13833.1,10071.7,8555.4,8391.7,7699.26,7384.13,4962.35,3632.27,4525.63,5238.42,5411.18,6134.75,7042.23,7869.9,8662.33,7105.6,5566.83,4927.02,5006.06,5548.74,3998.01,3487.84,3684.53,3516.09,3893.82,4581.29,4712.98,4419.32,3885.92,3360.66,3307.28,2008.65,1643.57,1545.51,1277.23,1472.01,1525.06,1370.15,1505.6,1633.35,1747.1,1619.73,1347.76,1394.78,1666.97,1815.37,1473.18,1426.41,1647.04,1461.39,1277.88,1085.21,945.169,841.252,793.651,743.037,735.64,740.818,579.369,500.414,493.731,432.037,447.229,552.478,680.401,841.233,1002.81,1168.01,1347.61,1558.03,1830.16,2127,2436.15,2834.76,2836.43
21778.7,18516.2,13441.7,9911.27,8385.57,7965.03,7150.56,7089.1,4912.34,3692.46,4644.54,5316.82,5446.53,6150.53,6971.68,7783.39,8629.52,7118.73,5730.92,5461.49,5361.94,5674.24,4165.58,3644.92,3841.47,3697.47,4074.92,4600.81,4654.39,4542.29,4087.5,3195.57,2960.97,1856.5,1591.54,1498.25,1294.04,1452.2,1510.78,1427.74,1566.43,1683.7,1767.88,1696.97,1437.4,1477.44,1747.13,1934.84,1546.55,1465.55,1683.2,1556.48,1408.18,1195.42,1007.86,892.436,870.409,796.174,766.052,766.491,599.87,533.272,522.351,431.664,442.693,561.052,703.507,885.968,1063.53,1236.79,1427.77,1652.62,1940.35,2263.13,2609.15,3041.57,3043.34
23950.8,20643.4,16106.3,12332.7,9904.81,9004.77,8033.7,8058.57,4884.45,3439.63,4529.88,5452.59,5641.77,6309.29,7113.55,7984.6,9100,8352.49,6817.98,5826.9,5344.35,5735.61,4696.51,4313.84,4370.4,3892.42,4033.24,4114.63,3760.18,3600.21,3027.55,2446.14,2485.75,1974.67,1700.45,1631.51,1301.94,1333.88,1378.99,1319.58,1479.77,1590.66,1664.2,1651.79,1446.14,1453.67,1683.27,1856.16,1524.91,1470.62,1696.15,1597.72,1412.58,1203.4,1029.65,876.864,819.766,747.727,730.879,729.485,570.004,503.783,472.697,372.883,360.837,466.188,608.474,777.653,952.186,1132.67,1328.62,1557.17,1850.98,2182.85,2528.1,2947.09,2949.05
23783.9,20837.2,16803.9,13453.4,11074.4,9979.32,8902.12,8831.46,6188.26,4259.3,5029.66,6093.5,6248.4,6641.7,7354.08,8200.97,9200.66,8669.92,6895.97,5723.86,5204.27,5521.27,4458.26,4122.43,4315.89,4044.53,4303.16,4128.64,3696.38,3603.47,3200.62,2478.37,2241.62,1632.8,1492.9,1551.28,1378.4,1402.11,1421.87,1377.97,1511.6,1597.74,1678.45,1637.97,1449.63,1472.67,1693.9,1866,1477.82,1394.98,1654.97,1578.96,1368.17,1167.79,993.185,825.527,761.656,718.19,714.004,695.496,538.881,487.133,467.439,374.722,368.515,473.762,615.219,784.286,952.991,1129.16,1318.97,1538.52,1816.06,2123.43,2457.47,2871.35,2873.12
24944.1,22143.7,18063.7,14082.2,11319.5,10366.7,9177.67,8862.43,6691.85,4394.83,4863.17,6269.84,6768.78,6915.53,7261.29,8004.56,8994.45,7864.26,5949.34,5150.74,4960.96,5368.28,4717.99,4495.58,4295.58,3731.21,3717.69,3412.72,3236,3189.95,2864.38,2595.83,2512.26,1645.92,1291.7,1364.42,1319.56,1357.59,1430.94,1419.18,1528.36,1501.65,1498.28,1503.68,1387.5,1424.78,1599.9,1775.71,1495.25,1379.13,1603.79,1531.01,1292.1,1086.36,948.058,823.27,763.857,722.342,723.12,713.409,532.394,458.856,419.914,332.344,356.198,473.722,604.669,748.828,892.543,1049.62,1223.29,1438.15,1712.09,2016.92,2343.5,2749.35,2750.97
25200.5,21779.4,17561.5,13688.3,10947.1,9712.17,8602.73,8668.73,6280.28,3893.19,4358.58,5912.09,6598.82,6850.75,7290.67,8033.6,8858.26,7513.48,5131.11,4598.05,4772.41,4794.89,4462.05,4546.21,4473.67,4114.62,4043.71,3677.83,3604.29,3600.13,3331.03,3023.24,2785.34,1758.84,1448.57,1580.24,1421.09,1390.99,1504.95,1502.32,1538.77,1466.11,1483.9,1527.19,1317.49,1282.58,1474.62,1685.74,1355.39,1235.88,1500.57,1409.69,1230.49,1043.2,856.28,788.443,753.035,707.573,730.984,685.886,519.598,468.907,430.147,366.283,413.823,539.928,672.312,791.436,912.065,1073.18,1250.59,1474.98,1764.56,2087.87,2419.6,2827.77,2829.42
24980.3,21050.4,16621.6,13124.6,10686.9,9674.58,8688.91,8634.92,6825.68,4382.8,4581.54,5990.19,6523.1,6604.98,6973.48,7721.42,8444.98,7266.12,4975,4473.25,4706.73,4986.01,4838.23,4861.22,4696.23,4265.35,4120.12,3729.35,3676.63,3657.24,3339.43,3075.74,2866.53,2010.93,1686.34,1641.71,1374.4,1364.45,1470.82,1475.72,1543.34,1472.49,1485.66,1524.7,1301.53,1260.63,1461.51,1670.65,1363.2,1262.97,1498.39,1453.97,1279.09,1066.28,899.893,821.985,769.165,724.398,738.519,673.848,511.509,469.308,413.26,358.162,423.66,543.081,673.994,806.857,938.201,1094.84,1263.82,1479.12,1760.69,2084.44,2418.86,2823.77,2825.38
25419.2,21500.4,17029,12806.7,9935.27,9033.32,8355.42,8583.33,7349.75,4882.88,4960.97,6436.71,6846.27,6705.27,6985.33,7778.14,8609.48,7490.58,5263.85,4774.47,5026.4,5274.16,4834.96,4776.69,4578.12,4243.3,4295.39,3903.4,3796.77,3798.47,3547.89,3335.6,3031.78,2155.74,1785.23,1707.89,1432.06,1388.14,1488.5,1470.41,1522.59,1470.17,1469.93,1523.07,1319.91,1247.59,1435.11,1671.46,1339.54,1226.62,1479.01,1437.36,1264.9,1081.66,910.01,821.489,757.264,708.263,722.631,678.494,527.991,483.881,412.185,356.149,438.432,564.744,698.34,835.262,967.395,1123.82,1295.33,1514.54,1801.89,2134.47,2483.15,2899.04,2900.57
26243.8,20254.8,15193.5,11924.2,9720,9570.02,8667.06,8425,7446.81,4858.3,4932.29,6603.7,6986.13,6788.79,7132.01,8053.63,9000.31,7847.76,5737.62,5087.24,4705.34,4782.31,4641.38,4696.36,4090.96,3594.94,3796.23,3495.73,3455.04,3524.42,3202.87,2897.03,2574.65,2160.36,1877.64,1732.02,1603.01,1546.04,1470.42,1394.38,1483.08,1447.52,1486.13,1595.11,1328.84,1223.99,1444.21,1690.09,1397.23,1328.68,1586.87,1459.69,1242.64,1134.53,988.595,834.543,753.612,713.906,718.118,690.515,564.213,524.135,420.817,362.647,465.507,606.854,755.637,909.879,1057.61,1211.9,1385.66,1622.63,1927.12,2283.28,2666.72,3121.25,3122.64
25486.2,19327.5,14445.3,11924.2,10005.6,9658.75,8718.86,8483.95,7503.51,5126.69,5236.56,6890.24,7479.47,7511.91,7975.89,8919.76,9639.05,8594.28,5826.58,4891.03,4663.83,4858.06,4912.7,4943.92,4311.72,3658.89,3601.78,3433.87,3533.12,3681.34,3444.56,3227.09,2809.25,2210.17,1721.77,1535.32,1469.05,1488.26,1414.42,1332.28,1438.15,1389.66,1430.45,1548.59,1314.45,1206.73,1407.78,1665.08,1375.96,1310.06,1563.19,1462.45,1286.42,1171.27,991.465,827.149,769.464,726.603,718.495,695.714,569.147,534.75,406.663,331.613,436.348,585.408,735.062,898.224,1055.05,1203.02,1371.66,1605.08,1904.48,2258.34,2634.27,3079.74,3081.29
25518.6,20643.6,16083.7,13595.1,11360.1,10373.2,9825.72,9606.31,8357.44,5719.54,5584.63,6960.99,7322.25,7499.3,7883.07,8698.53,9157.08,7862.5,5282.13,4604.72,4297.73,4181.24,4028.1,4169.68,3986.34,3527.65,3658.13,3748.92,3905.93,4152.61,4155.93,3919.11,3239.75,2545.53,1987.54,1690.15,1574.03,1513,1515.13,1504.43,1541.95,1523.67,1612.5,1696.76,1425,1280.42,1476.78,1723.34,1374.42,1324.22,1601.67,1563.18,1352.23,1196.76,1011.26,878.254,848.82,785.946,758.04,693.336,568.132,544.426,392.32,320.777,433.251,587.286,751.574,921.515,1078.22,1225.8,1400.59,1648.42,1960.47,2328.31,2725.74,3195.27,3196.76
26493.8,22557.9,18433.9,15197.2,11844.7,10617.5,10473,10367.2,7904.35,4614.9,4651.29,6037.68,6375.35,6484.93,6808.56,7641.4,7642.83,7049.76,6755.88,6790.68,5443.87,4775.7,4206.57,4065.24,3871.85,3316.12,3455.91,3832.71,4094.76,4149.41,3977.55,3434.05,2536.23,2205.87,1786.03,1554.73,1618.8,1579.86,1624.01,1542.78,1441.83,1433.37,1558.53,1644.64,1384.21,1248.41,1434.6,1690.03,1239.28,1158.07,1470.32,1402.77,1199.32,1078.22,933.21,853.691,830.898,778.63,763.272,692.304,567.854,527.561,392.006,314.717,401.544,548.592,704.343,875.062,1029.27,1156.45,1314.09,1552.69,1854.13,2199.74,2558.82,2996.12,2998.48
26448.7,22934.1,18276.3,14818.1,11464.1,9923.48,9631.09,9638.17,7524.12,3683.41,3645.4,5102.01,5538.58,5910.13,6518.27,7319.09,6946.52,6255.93,6257.32,6495.81,4511.58,3727.67,3564.11,3584.87,3509.92,3310.25,3594.1,3905.98,4096.63,4047.88,3910.33,3271.32,2459.85,2243.34,1696.11,1360.97,1403.48,1342.37,1377.93,1428.18,1405.99,1403.31,1505.42,1583.03,1377.51,1229.67,1390.22,1670.05,1255.12,1150.41,1463.36,1361.7,1168.39,1052.54,897.051,816.163,801.426,765.001,759.411,714.046,599.4,552.12,429.426,332.534,393.824,534.557,688.863,847.454,984.104,1098.73,1246.53,1480.1,1778.8,2115.27,2454.08,2865.98,2867.74
24840.6,20113.7,14898.4,11858.7,8582.33,7652.01,7835.81,7879.93,7223.26,3253.52,2994.8,4444.64,5238.64,6053.81,6876.6,7622.05,6935.88,6244.46,6754.27,7093.22,4851.34,4050.68,3783.4,3694.73,3548.37,3456.45,3731.38,3558.22,3542.45,3310.8,3064.77,2888.68,2447.38,2465.55,2160.5,1629.75,1468.26,1339.61,1344.08,1289.57,1286.53,1297.14,1368.6,1456.59,1311.26,1206.55,1352.77,1508.09,1285.98,1283.17,1505.58,1305.58,1101.94,1030.12,901.083,769.137,752.241,744.925,695.478,669.313,580.703,512.707,374.361,269.468,304.371,429.983,568.482,726.611,877.183,997.459,1138.69,1355.74,1634.04,1945.99,2273.82,2663.34,2664.62
23922.9,19225.6,14298.8,11480.8,7916.2,6910.69,7489.74,8126.37,7898.51,4322.16,3780.51,5046.97,5546.33,6259.64,7080.88,7749,6828.13,5972.94,6614.23,7143.67,5230.45,4530.05,4030.5,3892.35,3591.24,3515.49,3966.18,3863.24,3860.89,3608.94,3449,3256.44,2694.87,2734.24,2433.88,1591.08,1506.68,1592.72,1622.1,1551.9,1454.64,1432.64,1542.56,1536.01,1463.22,1375.1,1411.51,1596.59,1355.65,1309.17,1565.09,1279.64,1052.05,1048.95,934.753,786.644,792.258,803.009,751.436,754.051,618.914,516.342,402.067,280.872,316.518,459.22,600.582,772.452,941.487,1070.44,1226.79,1462.83,1763.88,2101.75,2466.87,2888.17,2889.51
25168.8,19529.3,14680.8,12622.6,9176.65,8129.32,7843.51,7631.84,7371.84,4097.54,3799.07,5185.25,5565.03,6178.83,7079.21,7800.99,7198.04,6595.05,7341.44,7539.74,4158.05,3460.21,3387.6,3512.18,3817.38,3977.4,4193.12,4072.4,4133.68,3914.67,3781.15,3505.9,2604.71,2508.71,2138.83,1329.51,1356.67,1296.57,1228.86,1294.33,1351.03,1427.71,1545.94,1543.17,1521.6,1396.59,1390.41,1571.31,1318.87,1299.79,1584.62,1238.91,1034.97,1044.03,925.454,787.502,813.563,840.689,793.465,791.49,637.112,528.318,439.184,323.733,347.718,463.266,587.733,749.378,911.208,1045.49,1207.97,1446.11,1734.09,2061.43,2419.09,2823.23,2824.01
25099.6,18460.5,13201.8,11315.9,8283.83,7526.19,6829.34,6512.17,6561.63,4600.86,4602.7,5692.88,5850.76,6436.75,7401.07,8249.18,7428.67,6658.16,7272.8,7307.72,4010.35,3386.29,3596.09,3760.67,3528.19,3352.78,3665.24,3794.58,3994.51,3848.72,3760.64,3493.67,2522.44,2379.43,2020.41,1118.95,1147.04,1159.09,1201.51,1277.68,1316.65,1395.5,1492.3,1530.66,1518.56,1403.44,1419.75,1568.9,1398.87,1415.37,1664.42,1364.38,1138.97,1101.02,973.043,841.678,870.034,899.143,837.397,826.918,670.647,538.834,459.973,369.766,403.61,528.376,667.181,836.199,1003.7,1151.35,1324.03,1573.11,1869.31,2207.23,2577.5,2997.14,2997.99
24507.7,17761.4,12660.6,11078.8,7737.04,6790.78,6111.81,5840.93,5477.26,3708.34,4040.74,5073.4,5147.41,5723.93,6701.41,7586.83,6711.61,5948.64,6519.06,6353.87,3570.15,3001.39,3442.8,3629.98,3636.08,3702.6,3901.27,3951.98,4158.95,3664.27,3344.13,3355.75,2432.47,2275.22,2058.58,1310.64,1302.34,1137.59,1076.02,1188.19,1289.01,1357.81,1462.96,1556.69,1532.74,1364.13,1360.42,1525.64,1394.6,1391.86,1616.19,1323.65,1125.93,1114,970.318,846.964,886.558,930.544,865.302,846.038,669.506,542.944,482.062,387.952,423.098,554.52,698.759,862.859,1027.44,1176.73,1350.42,1604.38,1908.95,2257.35,2630.61,3050.41,3051.74
23600.1,16634.4,11426.7,9860.09,6812.27,6164.94,5965.55,5889.6,5353.29,3824.94,4263.91,5251.17,5341.05,5914.45,6831.83,7656.4,6548.41,5715.08,6300.91,6302.53,3437.58,2834.8,3000.4,3068.56,3107.22,3323.65,3738.8,3914.33,4163.27,3640.74,3265.11,3299.62,2628.1,2463.76,2196.71,1466.16,1391.94,1187.15,1140.69,1241.4,1302.26,1343.72,1437.14,1525.22,1509.39,1354.66,1349.01,1504.53,1343.3,1338.15,1583.24,1258.76,1027.52,1042.25,914.94,796.777,844.848,902.237,862.165,831.202,649.952,534.124,485.767,387.218,407.203,532.658,672.274,823.917,976.695,1118.99,1287.38,1538.23,1836.22,2176.44,2534.81,2936.11,2937.4
22994.5,17182.9,12544,11020,7279.98,6185.91,6484.03,6417.94,5755.94,4348.84,4754.03,5656.52,5840.32,6404.74,7081.29,7855.74,7129.67,6381.43,6780.08,6620.36,4063.88,3418.72,3272.57,3278.48,3162.74,3213.84,3782.66,4144.78,4434.65,4109.08,3826.73,3844.05,2485.77,2197.77,1857.54,1331.28,1462.43,1229.99,1195.18,1356.74,1343.25,1356.31,1502.14,1568.32,1578.3,1393.19,1320.77,1542.43,1373.23,1356.6,1642.49,1406.97,1169.93,1129.5,996.148,860.059,892.807,963.322,934.135,870.619,681.758,570.236,513.555,408.754,428.127,561.237,706.953,863.014,1025.17,1173.35,1346.78,1606.28,1914.18,2268.31,2632.94,3044.58,3045.93
22537.2,16134.4,11555.3,10578.9,7454.29,6484.97,6885.77,7085.62,6343.14,4674.73,4984.59,5959.58,5989.21,6333.28,7070.42,7898.89,7281.8,6545.01,6943.56,6996.45,4582.9,3804.3,3582.3,3308.98,3050.32,3262.25,3932.82,4162.31,4450.66,4378.84,4222.08,4307.45,2478.96,2237.27,1931.89,1323.12,1443.36,1255.55,1307.84,1421.22,1339.61,1376.33,1529.81,1612.93,1625.35,1409.08,1341.09,1558.13,1432.09,1454.73,1757.5,1574.19,1250.66,1168.95,1058.44,861.307,882.607,950.169,918.764,880.707,685.082,576.255,529.758,445.292,496.858,647.475,800.095,966.637,1135.66,1288.65,1472.52,1752.84,2088.51,2464.2,2854.22,3281.56,3283.05
22659.4,17006.3,12764.2,11693.4,8944.24,7924.06,8540.58,8787.14,7753.54,5447.81,5476.64,6444.71,6371.64,6659.22,7271.81,8021.9,7411.84,6652.86,7164.98,7534.97,4329.58,3281.31,3277.01,3324.16,3128.54,3295.47,3923.69,4133.49,4397.19,4193.75,3923.47,3874,1841.16,1755.96,1771.74,1400.37,1624.48,1630.73,1497.85,1523.92,1440.5,1435.41,1585.61,1626.91,1614.12,1390.9,1320.32,1553.53,1456.81,1453.93,1708.53,1605.88,1355.05,1269.96,1146.52,894.402,887.23,963.297,888.965,811.837,653.882,557.45,528.294,456.582,490.779,639.149,787.678,951.403,1125.2,1278.61,1464.41,1749.52,2099.15,2482.95,2862.38,3295.02,3296.99
22328.7,17821.7,14158.3,13167.3,10202.5,8892.39,9309.42,9447.76,7470.31,5175.65,5495.65,6266.09,6451,7024.5,7489.16,8067.44,7657.69,7079.64,7316.89,7426.08,4318.95,3251.07,3520.53,3636.21,3314.74,3270.69,3533,3683.98,4063.09,3754.56,3359.45,3511.31,2284.17,2008.29,1921.67,1436.64,1580.82,1757.78,1753.04,1707.65,1548.2,1541.17,1728.84,1770.02,1673.45,1501.58,1480.36,1705.65,1549.96,1537.54,1816.72,1604.3,1335.24,1264.9,1203.59,854.367,794.702,909.119,819.365,762.451,638.231,569.328,478.934,402.959,479.006,627.888,793.943,976.75,1163.33,1313.08,1489.94,1761.9,2098.14,2465.31,2840.85,3262.58,3265.63
21648.2,17694.3,14160.2,12966.7,10014.1,8600.67,8851.78,8881.19,7289.64,5676.75,6241.49,6798.01,6872.32,7456.78,7795.43,8285.18,8185.41,7713.89,7601.26,7653.7,3985.28,2931.93,3244.06,3428.96,3456.25,3651.37,4020.67,4170.07,4406,4057.74,3723.54,3677.63,2414.96,2235.32,2206.48,1703.48,1765.67,1805.86,1738.99,1597.48,1430.66,1452.1,1635.05,1586.13,1497.18,1447.3,1417.61,1626.72,1536.02,1494.69,1716.1,1605.37,1348.64,1197.5,1108.02,781.616,731.415,841.331,782.11,713.92,600.608,554.461,439.935,374.116,447.293,568.987,727.706,887.82,1045.11,1181.65,1347.9,1604.45,1921.02,2257.33,2601.78,2990.95,2995.99
22507.1,18722.4,15440.5,14069.9,8686.63,6480.95,7001.06,7213.68,6216.26,5269.85,6086.51,6568.41,6636.32,7285.34,7573.31,8036.54,8046.03,7200.73,6840.64,7041.54,3714.57,2815.83,3088.51,3253.47,3427.39,3688.43,3888.46,3827.96,4039.33,3997.69,3766.32,3564.71,2468.41,2417.07,2520.15,2020.81,2109.84,2029.34,1790.34,1698.41,1554.94,1523.18,1696.63,1644.52,1531.32,1479.3,1485.73,1638.37,1524.03,1481.69,1617.65,1543.21,1329,1186.03,1087.89,795.563,760.475,840.935,755.204,704.324,568.8,511.506,415.516,347.457,396.424,493.055,645.147,806.845,969.18,1116.28,1291.12,1542.26,1853.18,2182.67,2521.65,2905.93,2911.84
24431,20499.1,17023.8,16043.2,9816.13,7219.05,8153.02,7990.12,6958.59,6062.49,6750.49,7171.88,6949.98,7250.82,7356.22,7838.61,7406.57,6558.33,6666.64,6740.92,4137.57,3220.68,3215.52,3486.9,3571.01,3694.58,4069.3,4101.56,4200.11,3793.37,3251.26,3303.52,2467.69,2349.95,2421.73,1737.56,1816.05,1949.88,1905.31,1848.83,1617.57,1613.89,1848.37,1710.25,1531.74,1527.6,1539.99,1643,1491.72,1454.65,1521.66,1458.16,1360.32,1249.21,1139.11,859.762,814.71,886.441,807.06,770.592,638.21,549.56,448.059,381.737,447.433,571.686,720.906,863.034,1008.71,1147.73,1312.89,1561.42,1871.63,2185.12,2512.73,2889.9,2894.32
23494.5,19394.4,15877.5,15187.9,11086.2,9083.58,9966.25,9877.81,9400.19,8209.92,8269.95,8596.69,8514.57,8906.05,8981.85,9334.84,9057.1,7838.1,7139.32,6871.2,4438.57,3439.18,3522.45,3947.95,3056.82,2706.54,3200.75,3310.96,3556.83,3076.84,2499.17,2774.45,2608.97,2578.61,2166.78,1384.56,1556.67,2034.18,2237.32,2167.06,1870.5,1799.06,2055.4,1841.53,1548.4,1557.98,1603.6,1767.84,1670.53,1643.34,1744.84,1669.46,1466.76,1280.26,1182.96,894.136,853.872,934.978,865.794,844.204,694.699,567.441,505.579,462.142,535.783,689.879,847.656,1007.99,1175.94,1325.78,1503.04,1777.11,2117.26,2451.43,2808.63,3222.89,3227.93
21948.6,18478.6,15342.6,14495.3,10613,8698.32,9521.91,9415.84,8994.79,8011.3,8099.38,8566.51,8569.5,9000.12,9136.25,9350.69,9115.07,8090.66,7371.2,7016.3,4392.45,3340.39,3626.65,4193.53,3169.73,2728.18,3255.05,3446.73,3669.33,3032.02,2337.8,2569.06,2418.81,2494.84,2216.38,1370.69,1492.59,1966.84,2161.58,2154.03,1910.72,1788.26,2010.36,1808.11,1495.13,1522.46,1580.32,1743.6,1693.23,1665.64,1737.25,1682.63,1464.82,1251.52,1168.46,874.486,834.771,925.358,866.378,857.586,680.765,539.97,496.986,453.343,511.42,659.649,812.496,971.157,1142.81,1301.19,1480.13,1750.41,2083.17,2408.87,2771.76,3191.91,3196.6
20040.7,16678.9,13497.2,12572,10017.4,8680.44,9174.3,8961.68,8351.17,7286.39,7343.46,7693.02,7557.93,7979.33,8300.3,8521.84,8355.64,7240.3,6350.86,6169.21,3702.37,2925.06,3488.87,4152.08,3593.45,3021.5,3352.06,3515.04,3724.19,3189.98,2400.79,2567.65,2450.57,2412.18,2194.33,1462.24,1590.52,1869.24,1909.93,2027.53,1878.53,1684.97,1841.21,1629.67,1338.23,1407.44,1473.7,1631.5,1611.98,1593.4,1660.89,1672.32,1516.61,1317.75,1202.45,887.371,831.703,905.23,835.674,827.902,644.136,504.684,459.85,413.939,471.311,604.245,755.857,920.098,1091.06,1241.19,1401.3,1643.46,1956.06,2275.86,2631.72,3041.19,3048.39
19597.3,16112,12399.7,11066,9837.94,9333.21,9708.29,8887.42,7895.58,6753.03,6709.94,6961.73,6837.27,7318.92,7838.05,8005.16,7642.68,7074.78,5943.84,5310.24,3709.58,3223.63,3944.51,4645.18,4329.67,3541.7,3540.49,3876.9,4253.79,3550.07,2665.32,2755.41,2277.84,2214.63,1988.87,1353,1550,1920.98,1952.54,2021.61,1887.53,1650.38,1775.31,1704.11,1389.42,1367.81,1416.55,1548.51,1596.82,1614.1,1572.13,1576.07,1458.6,1255.42,1206.47,880.751,806.689,873.859,798.515,795.6,635.866,498.873,464.877,389.012,402.71,513.31,636.305,791.984,962.802,1114.94,1276.36,1504.86,1802.56,2106.62,2430.94,2820.5,2831.84
19106.4,15186.6,11879.3,11095.9,9992.88,9526.91,9852.03,9494.86,9023.42,7476.48,7108.8,7631.9,7558.52,8006.19,8579.36,8738.21,8499.34,8128.09,6662.9,5780.95,4116.87,3559.82,3971.7,4484.66,4262.89,3843.88,4148.07,4437.46,4586.58,3508.9,2371.47,2494.77,2240.59,2249.77,2234.01,1638.95,1743.25,2073.1,2056.36,2086.24,1885.21,1662.29,1833.66,1758.14,1373.22,1327.01,1389.82,1539.43,1659.45,1691.55,1603.48,1587.19,1470.87,1250.75,1216.79,893.978,810.626,893.606,803.952,789.567,636.222,496.372,465.758,402.015,431.925,550.084,671.709,826.085,995.281,1145.74,1310.43,1546.98,1853.56,2169.64,2517.17,2928.88,2939.97
19090.7,15934.2,13324.8,12569.6,10950.1,10066.4,10020.8,9365.41,9017.44,7815.36,7625.53,8132.4,7812.59,7977.86,8275.52,8299.76,8075.18,7863.95,6354.59,5371.33,3671.72,3166.41,3739.5,4356.34,4143.45,3614.46,3801.37,4066.63,4358.03,3817.16,2653.55,2616.25,2443.23,2413.73,2283.15,1601.76,1665.96,2037.1,2110.71,2118.13,1833.93,1608.86,1790.36,1694.16,1299.8,1244.94,1326.08,1474.23,1526.62,1554.8,1471.58,1436.01,1361.97,1199.73,1157.11,875.932,822.7,886.389,775.195,772.064,636.127,492.721,452.719,391.036,419.021,527.936,650.409,806.816,975.956,1122.51,1278.34,1504.05,1804.88,2114.63,2457.02,2849.47,2863.72
18652.3,14929.1,12337.3,11913.6,10725.7,10180.5,10257.2,9291.15,8701.6,7685.86,7611.19,7213.55,6302.98,6624.78,7229.55,7449.82,7119.75,6968.49,5796.46,5033.19,4142.55,3822.44,4356.41,5012.98,5016.3,4300.65,4203.63,4385.54,4680.71,4007.8,3017.14,3151.25,2909.39,2761.87,2350.23,1428.64,1537.25,1906.65,1998.7,2017.9,1714.4,1557.59,1771.98,1702.9,1256.58,1157.3,1224.74,1386.04,1435.66,1446.22,1436.6,1451.09,1318.85,1091.4,1084.05,831.909,783.135,850.404,761.303,771.618,620.016,482.854,458.287,413.274,459.212,588.06,718.426,872.434,1038.73,1183.65,1342.59,1574.73,1885.87,2208,2560.07,2970.84,2982.43
18284.5,14682.6,12305.3,12092.9,11072.1,10556,10311.3,8957.89,8039.42,6825.13,6833.53,6766.53,6160.67,6596.68,7233.16,7757.3,7327.38,6660.49,5212.03,4201.2,3718.41,3801.25,4460.81,5134.95,5061.6,4245.22,4015.43,4351.23,4779.41,4218.87,3324.89,3426.38,2991.79,2629.69,2294.18,1421.7,1555.88,1992.75,2096.46,2105.46,1767.85,1588.81,1806.01,1646.3,1210.24,1167.19,1194.15,1314.98,1368.59,1385.88,1384.58,1386.45,1284.56,1079.77,1049.22,834.749,786.17,821.538,711.761,717.287,567.206,458.675,456.265,379.517,399.662,519.253,639.796,797.952,972.043,1115.19,1269.29,1486.6,1781.52,2091.47,2420.15,2801.68,2811.46
19554,16379.1,14293.7,13870.8,12581.6,11925.6,11467.5,10029.5,8695.65,6926.03,6836.03,6276.03,5189.73,5549.41,6387.55,7053.73,6855.84,6531.17,5281.83,4135.13,3562.54,3559.03,4078.33,4745.41,4611.84,3911.91,3645.02,3903.7,4222.01,3652.55,2914.63,3071.4,2828.6,2490.37,2139.06,1361.71,1534.66,2015.75,2040.15,1961.67,1657.65,1485.3,1697.12,1586.08,1165.79,1133.19,1167.74,1295.66,1376.38,1404.64,1392.19,1365.37,1259.19,1079.09,1053.13,792.291,719.787,762.075,678.334,686.805,568.055,477.941,466.566,369.7,368.019,480.335,596.723,745.897,916.394,1054.36,1196.88,1403.42,1688.13,1981.68,2307.19,2689.15,2698.51
18627.3,14723.6,12337.5,12191.8,11277.9,10878.7,10791.6,10174.6,9326.27,7414.21,7074.05,6349.9,5153.83,5418.35,6239.24,6917.34,6739.51,6530.86,5676.57,4009.48,2956.91,3019.8,3442.67,3932.94,4070.31,3651.39,3532.52,3852.94,4097.16,3546.23,2822.98,2948.49,2638.84,2339.94,2005.35,1161.13,1357.16,1903.56,2051.48,2039.02,1731.63,1524.85,1719.1,1546.83,1143.17,1146.46,1188.62,1308.21,1368.96,1378.62,1352.89,1365.86,1278.67,1065.83,1055.23,793.277,720.172,758.209,680.363,692.095,578.346,503.381,493.348,407.652,421.818,538.614,656.345,806.525,977.222,1119.14,1266.99,1482.14,1771.46,2064.65,2389.56,2774.94,2783.85
18693.1,14246.5,11622.8,11441.5,10819.5,10625.5,10430.7,9970.23,9262.45,7420.2,7164.55,7107,5937.43,5870.76,6660.82,7200.14,6758.41,6604.87,6347.65,4581.54,3018.64,2885.65,3082.61,3463.83,4004.34,4101.37,4014.98,4181.36,4455.89,4042.23,3447.62,3503.02,2902.33,2435.59,2009.82,1275.75,1507.77,2012.57,1840.44,1748.65,1533.31,1444.51,1718.66,1541.93,1202.56,1211.26,1270.41,1416.87,1365.09,1299.88,1346.78,1357.64,1278.96,1091.3,1043.1,808.31,751.578,795.611,709.255,713.622,569.457,479.752,464.048,402.008,448.7,575.08,703.202,856.609,1025.85,1167.18,1314.37,1531.53,1830.4,2128,2452.52,2837.58,2846.33
18947.2,14575.4,12085.5,12001.2,11461.4,11371.1,11291.7,10908.4,10220.3,8469.18,8144.44,7129.79,5356.47,5296.29,6160.47,6822.58,6404.75,6242.27,5927.76,4881.94,3803.16,3370.91,3441.77,3910.03,4369.68,4184.01,4074.42,4416.7,4692.26,4386.76,3746.05,3679.02,3421.16,2683.98,2058.33,1169.18,1403.21,2000.7,1828.92,1688.4,1521.85,1483.67,1739.83,1598.36,1226.69,1210.8,1270.28,1427.86,1287.66,1164.13,1221.87,1217.17,1163.46,958.691,924.53,766.835,731.005,775.521,700.34,700.125,538.944,445.865,453.034,363.503,365.998,472.925,587.313,748.209,926.85,1060.22,1199.66,1406.02,1680.25,1959.05,2255.59,2612,2618.32
20250.4,17076.8,15329.3,14903.7,14184,14092.4,13912.2,13120.6,12207.9,10241.8,9636.88,8575.64,6786.45,6859.15,7841,8586.69,7998.51,7663.11,5989.15,4630.68,3545.3,3046.69,3284.34,3816.34,4540.49,4566.54,4486.14,4764.43,4965.12,4680.25,3881.97,3665.57,3597.41,2701.76,2288.62,1308.07,1371.04,1955.31,1665.04,1480.07,1470.38,1537.76,1798.05,1674.49,1343.5,1300.09,1330.85,1527.86,1413.61,1294.88,1330.87,1314.55,1310.51,1077.23,970.756,819.125,799.239,836.481,754.188,738.814,576.421,478.83,475.742,375.381,384.315,502.992,618.676,784.815,968.084,1104.71,1246.39,1457.76,1738.8,2032.37,2334.35,2695.72,2703.69
21301.8,18431.4,16982.4,16431.9,15645.4,15400.4,14596.6,13188.4,12052.1,10104.8,9628.69,8443.91,6525.55,6660.24,7783.2,8742.21,7992.46,7530.93,5858.14,4678.02,3257.27,2529.58,2682.96,3210.28,4049.62,4306.57,4352.94,4595.24,4756.05,4323.56,3373.8,3151.48,3292.91,2576.53,2173.64,1607.57,1612.49,2114.55,1670.38,1407.44,1488.19,1595.92,1843.35,1735.9,1348.06,1307.06,1355.03,1549.09,1405.14,1279.69,1302.15,1265.9,1276.49,1079.04,988.113,845.46,821.479,857.944,781.481,760.989,631.575,506.991,479.821,424.913,449.438,571.966,691.117,848.025,1024.31,1159.46,1298.47,1505.86,1791.62,2086.13,2398.06,2778.27,2784.62
